trade_id,symbol,entry_time,exit_time,entry_price,exit_price,quantity,side,pnl,commission,slippage,duration_hours,is_winner
trade_1,EURUSD,2025-06-01 19:39:06.935492,2025-06-01 19:39:07.549068,1.1001299681978252,1.1002085076918149,2272.0,buy,-1.8215582696553412,2.0,0.0,0.0001704377777777778,False
trade_2,GBPUSD,2025-06-01 19:39:07.149616,2025-06-01 19:39:07.662884,-9.452503964679313e-05,1.3001017461048268,2272.0,sell,-2956.045928040244,2.0,0.0,0.00014257444444444443,False
trade_3,GBPUSD,2025-06-01 19:39:07.149616,2025-06-01 19:39:08.173086,0.004687681807528756,1.3004603992064752,2245.0,sell,-2911.0097505606345,2.0,0.0,0.00028429722222222226,False
trade_4,GBPUSD,2025-06-01 19:39:07.149616,2025-06-01 19:39:08.404414,0.004687681807528756,1.3004442577763384,2219.0,sell,-2877.2838420747885,2.0,0.0,0.000348555,False
trade_5,USDJPY,2025-06-01 19:39:08.269195,2025-06-01 19:39:08.536118,1.300155851177253,1.299610800525772,2193.0,buy,-3.1952960786978926,2.0,0.0,7.414527777777778e-05,False
trade_6,GBPUSD,2025-06-01 19:39:07.149616,2025-06-01 19:39:09.048373,0.0016925542846208481,1.3000915413854865,2193.0,sell,-2849.3889787121984,2.0,0.0,0.0005274325,False
trade_7,GBPUSD,2025-06-01 19:39:07.149616,2025-06-01 19:39:10.023914,0.4235036071067184,1.3001933880768302,2167.0,sell,-1901.786755362232,2.0,0.0,0.0007984161111111111,False
trade_8,USDJPY,2025-06-01 19:39:08.269195,2025-06-01 19:39:10.294536,1.2996752253422252,1.298995658092471,2149.0,buy,-3.4603900197216766,2.0,0.0,0.0005625947222222223,False
trade_9,USDJPY,2025-06-01 19:39:08.269195,2025-06-01 19:39:10.444113,1.2996752253422252,1.299021160045766,2149.0,buy,-3.405586322090999,2.0,0.0,0.0006041438888888888,False
trade_10,EURUSD,2025-06-01 19:39:09.463057,2025-06-01 19:39:10.831583,1.1006889722320454,1.099937071216958,2149.0,buy,-3.615835281422769,2.0,0.0,0.0003801461111111111,False
trade_11,GBPUSD,2025-06-01 19:39:07.149616,2025-06-01 19:39:11.313810,0.043285320697422365,1.3002353956236004,2149.0,sell,-2703.1857110163564,2.0,0.0,0.0011567205555555555,False
trade_12,USDJPY,2025-06-01 19:39:08.269195,2025-06-01 19:39:11.479429,1.2992582807881192,1.298705445325588,2125.0,buy,-3.1747753578789375,2.0,0.0,0.0008917316666666666,False
trade_13,USDJPY,2025-06-01 19:39:08.269195,2025-06-01 19:39:11.609952,1.2992582807881192,1.2988413939486065,112.0,buy,-2.046691326025421,2.0,0.0,0.0009279880555555555,False
trade_14,USDJPY,2025-06-01 19:39:08.269195,2025-06-01 19:39:12.303405,1.2988413939486065,1.2994207227063623,870.9951750327691,sell,-2.5045925527630235,2.0,0.0,0.0011206138888888888,False
trade_15,USDJPY,2025-06-01 19:39:08.269195,2025-06-01 19:39:12.528798,1.2994207227063623,1.298878848995621,1254.004824967231,buy,-2.6795122477926587,2.0,0.0,0.0011832230555555556,False
trade_16,USDJPY,2025-06-01 19:39:08.269195,2025-06-01 19:39:12.694565,1.2994207227063623,1.2985179997624674,870.9951750327691,sell,-1.2137326714761396,2.0,0.0,0.0012292694444444444,False
trade_17,GBPUSD,2025-06-01 19:39:07.149616,2025-06-01 19:39:12.960828,0.21877358684804377,1.300210269979301,2125.0,sell,-2300.0529516539214,2.0,0.0,0.0016142255555555557,False
trade_18,USDJPY,2025-06-01 19:39:08.269195,2025-06-01 19:39:13.312954,1.2985179997624674,1.2985713822116642,1254.004824967231,buy,-1.9330581511385982,2.0,0.0,0.0014010441666666665,False
trade_19,GBPUSD,2025-06-01 19:39:07.149616,2025-06-01 19:39:13.588949,0.0752079585439745,1.2999752311579138,2104.0,sell,-2578.9103415797285,2.0,0.0,0.0017887036111111111,False
trade_20,GBPUSD,2025-06-01 19:39:07.149616,2025-06-01 19:39:13.772143,0.0752079585439745,1.3001481884090331,2080.0,sell,-2549.875678119322,2.0,0.0,0.0018395908333333332,False
trade_21,USDJPY,2025-06-01 19:39:08.269195,2025-06-01 19:39:14.080878,0.5391105624515763,1.2990061062819338,2057.0,sell,-1565.1051336590454,2.0,0.0,0.001614356388888889,False
trade_22,GBPUSD,2025-06-01 19:39:07.149616,2025-06-01 19:39:14.521978,0.24668576011150167,1.2997839949112842,2043.0,sell,-2153.479693695956,2.0,0.0,0.002047878333333333,False
trade_23,EURUSD,2025-06-01 19:39:09.463057,2025-06-01 19:39:14.680784,1.1004513343099038,1.1003918093120795,763.3601913679377,buy,-2.0454390137303764,2.0,0.0,0.001449368611111111,False
trade_24,GBPUSD,2025-06-01 19:39:07.149616,2025-06-01 19:39:14.957939,0.24668576011150167,1.3006658444651256,2023.0,sell,-2134.201710647381,2.0,0.0,0.002168978611111111,False
trade_25,EURUSD,2025-06-01 19:39:09.463057,2025-06-01 19:39:15.101378,1.1003918093120795,1.101206401902762,1259.6398086320623,sell,-3.0260932550405473,2.0,0.0,0.0015662002777777778,False
trade_26,EURUSD,2025-06-01 19:39:09.463057,2025-06-01 19:39:15.249006,1.1003918093120795,1.1002106457688556,744.3601913679377,buy,-2.1348509297029903,2.0,0.0,0.0016072080555555555,False
trade_27,EURUSD,2025-06-01 19:39:09.463057,2025-06-01 19:39:15.327652,1.1002106457688556,1.100296759426989,1259.6398086320623,sell,-2.1084721918517375,2.0,0.0,0.0016290541666666666,False
trade_28,EURUSD,2025-06-01 19:39:09.463057,2025-06-01 19:39:15.432671,1.1002106457688556,1.1001524503091062,744.3601913679377,buy,-2.0433183835557998,2.0,0.0,0.001658226111111111,False
trade_29,EURUSD,2025-06-01 19:39:09.463057,2025-06-01 19:39:15.576462,1.1001524503091062,1.1005015680642116,1209.802933390824,sell,-2.4223636842253042,2.0,0.0,0.0016981680555555557,False
trade_30,EURUSD,2025-06-01 19:39:09.463057,2025-06-01 19:39:15.760504,1.1001524503091062,1.1002590685529074,794.1970666091761,buy,-1.9153241035260615,2.0,0.0,0.0017492908333333332,False
trade_31,USDJPY,2025-06-01 19:39:08.269195,2025-06-01 19:39:15.896783,0.5391105624515763,1.2986074228613014,849.9951750327691,sell,-647.5686668008029,2.0,0.0,0.0021187744444444447,False
trade_32,GBPUSD,2025-06-01 19:39:07.149616,2025-06-01 19:39:16.028654,0.2183074415120425,1.3005890215867477,1998.0,sell,-2164.398596989261,2.0,0.0,0.002466399444444444,False
trade_33,EURUSD,2025-06-01 19:39:09.463057,2025-06-01 19:39:16.215624,1.1002590685529074,1.1002406277751935,790.1060159412426,sell,-1.9854298305895672,2.0,0.0,0.0018757130555555556,False
trade_34,USDJPY,2025-06-01 19:39:08.269195,2025-06-01 19:39:16.317416,1.2986823828248175,1.2986379473580476,1978.0,buy,-2.0878933532708817,2.0,0.0,0.0022356169444444443,False
trade_35,USDJPY,2025-06-01 19:39:08.269195,2025-06-01 19:39:16.771738,1.2988617131719895,1.29801487060258,1978.0,buy,-3.675054602291948,2.0,0.0,0.0023618174999999997,False
trade_36,USDJPY,2025-06-01 19:39:08.269195,2025-06-01 19:39:17.274031,1.2990496647403824,1.2985860108299374,1978.0,buy,-2.917107434860221,2.0,0.0,0.002501343333333333,False
trade_37,EURUSD,2025-06-01 19:39:09.463057,2025-06-01 19:39:17.404462,0.7151179073999369,1.100703524966246,1978.0,sell,-764.6883515461595,2.0,0.0,0.0022059458333333333,False
trade_38,GBPUSD,2025-06-01 19:39:07.149616,2025-06-01 19:39:17.674902,0.1172405154838632,1.301040711886794,1971.0,sell,-2335.2701871101767,2.0,0.0,0.0029236905555555556,False
trade_39,EURUSD,2025-06-01 19:39:09.463057,2025-06-01 19:39:18.197166,0.29675818547444266,1.1001944852992616,1950.0,sell,-1568.7007846583967,2.0,0.0,0.002426141388888889,False
trade_40,USDJPY,2025-06-01 19:39:08.269195,2025-06-01 19:39:18.348447,1.2989711122993635,1.2987462159010685,1936.0,buy,-2.4353994270989787,2.0,0.0,0.002799792222222222,False
trade_41,GBPUSD,2025-06-01 19:39:07.149616,2025-06-01 19:39:18.425915,0.2044109901067849,1.3009336548329362,1936.0,sell,-2124.867878909829,2.0,0.0,0.003132305277777778,False
trade_42,EURUSD,2025-06-01 19:39:09.463057,2025-06-01 19:39:18.549836,0.29675818547444266,1.1003101237735415,1916.0,sell,-1541.6055137810733,2.0,0.0,0.002524105277777778,False
trade_43,USDJPY,2025-06-01 19:39:08.269195,2025-06-01 19:39:18.754528,1.2989711122993635,1.2984230102809105,1902.0,buy,-3.042490039097628,2.0,0.0,0.0029125925,False
trade_44,USDJPY,2025-06-01 19:39:08.269195,2025-06-01 19:39:19.179575,1.2989711122993635,1.2982910724298902,1268.544441116711,buy,-2.8626607961580786,2.0,0.0,0.0030306611111111112,False
trade_45,USDJPY,2025-06-01 19:39:08.269195,2025-06-01 19:39:19.886733,1.2984096943419148,1.2976753567077486,1902.0,buy,-3.3967101801840998,2.0,0.0,0.0032270938888888886,False
trade_46,EURUSD,2025-06-01 19:39:09.463057,2025-06-01 19:39:20.013022,0.3172550277397007,1.1000434027036277,1902.0,sell,-1490.863489181389,2.0,0.0,0.0029305458333333334,False
trade_47,GBPUSD,2025-06-01 19:39:07.149616,2025-06-01 19:39:20.135183,0.08533470254301839,1.3010399582350645,1889.0,sell,-2298.467228002275,2.0,0.0,0.0036071019444444442,False
trade_48,EURUSD,2025-06-01 19:39:09.463057,2025-06-01 19:39:20.322073,0.3172550277397007,1.1003284712856716,1868.0,sell,-1464.7811925438737,2.0,0.0,0.0030163933333333336,False
trade_49,EURUSD,2025-06-01 19:39:09.463057,2025-06-01 19:39:20.990633,0.7723637943190801,1.099594819794992,1855.0,sell,-609.0135522578167,2.0,0.0,0.0032021044444444442,False
trade_50,USDJPY,2025-06-01 19:39:08.269195,2025-06-01 19:39:21.161689,1.2984096943419148,1.2979433927422022,1849.0,buy,-2.8621916578686255,2.0,0.0,0.003581248333333333,False
trade_51,GBPUSD,2025-06-01 19:39:07.149616,2025-06-01 19:39:21.377679,0.216320659649941,1.3009398873735558,732.1371581981591,sell,-796.0900391126494,2.0,0.0,0.003952239722222223,False
trade_52,EURUSD,2025-06-01 19:39:09.463057,2025-06-01 19:39:21.745390,0.665160218055394,1.0998766755306009,1842.0,sell,-802.747714669331,2.0,0.0,0.0034117591666666665,False
trade_53,USDJPY,2025-06-01 19:39:08.269195,2025-06-01 19:39:21.903838,1.2984096943419148,1.2979839205273327,1492.812366627819,buy,-2.635600415794439,2.0,0.0,0.0037874008333333336,False
trade_54,GBPUSD,2025-06-01 19:39:07.149616,2025-06-01 19:39:22.058513,0.216320659649941,1.100100249738113,1834.0,sell,-1622.8517682217073,2.0,0.0,0.0041413602777777775,False
trade_55,EURUSD,2025-06-01 19:39:09.463057,2025-06-01 19:39:22.271577,0.665160218055394,1.0995622653354806,556.6969174495807,sell,-243.83028065461122,2.0,0.0,0.003557922222222222,False
trade_56,EURUSD,2025-06-01 19:39:09.463057,2025-06-01 19:39:22.443276,1.0995622653354806,1.0998265507324638,1263.3030825504193,buy,-1.666127443318063,2.0,0.0,0.003605616388888889,False
trade_57,EURUSD,2025-06-01 19:39:09.463057,2025-06-01 19:39:23.152349,0.586091550714938,1.1004078636966923,1817.0,sell,-936.5127406878476,2.0,0.0,0.003802581111111111,False
trade_58,EURUSD,2025-06-01 19:39:09.463057,2025-06-01 19:39:23.644458,0.586091550714938,1.0999642167149706,553.6969174495807,sell,-286.529711125816,2.0,0.0,0.003939278055555555,False
trade_59,USDJPY,2025-06-01 19:39:08.269195,2025-06-01 19:39:23.954673,1.2976379613235132,1.2967100358873525,1806.0,buy,-3.675833337706251,2.0,0.0,0.004357077222222222,False
trade_60,EURUSD,2025-06-01 19:39:09.463057,2025-06-01 19:39:24.241468,1.0999874677941193,1.0997772073747745,1806.0,buy,-2.3797303173367066,2.0,0.0,0.0041051141666666666,False
trade_61,GBPUSD,2025-06-01 19:39:07.149616,2025-06-01 19:39:24.484509,0.13804395483277054,1.2999988475571382,1806.0,sell,-2100.490536260208,2.0,0.0,0.004815248055555556,False
trade_62,GBPUSD,2025-06-01 19:39:07.149616,2025-06-01 19:39:24.647991,0.13804395483277054,1.3010554050789875,1787.0,sell,-2080.3014615899897,2.0,0.0,0.004860659722222222,False
trade_63,EURUSD,2025-06-01 19:39:09.463057,2025-06-01 19:39:25.101567,1.100298971779568,1.100034649237025,1768.0,buy,-2.4673222552159153,2.0,0.0,0.004344030555555556,False
trade_64,GBPUSD,2025-06-01 19:39:07.149616,2025-06-01 19:39:25.428156,0.13804395483277054,1.3006665654285225,1768.0,sell,-2057.5167755332895,2.0,0.0,0.0050773722222222225,False
trade_65,EURUSD,2025-06-01 19:39:09.463057,2025-06-01 19:39:25.723497,1.1005673881888953,1.1004138165025412,1749.0,buy,-2.2685968794333276,2.0,0.0,0.004516788888888889,False
trade_66,GBPUSD,2025-06-01 19:39:07.149616,2025-06-01 19:39:26.654004,0.05639081491333707,1.3016958605717905,1749.0,sell,-2180.0385248566354,2.0,0.0,0.0054178855555555554,False
trade_67,USDJPY,2025-06-01 19:39:08.269195,2025-06-01 19:39:27.016127,1.2971852417323344,1.29652215100845,1730.0,buy,-3.1471469523201594,2.0,0.0,0.0052074811111111115,False
trade_68,GBPUSD,2025-06-01 19:39:07.149616,2025-06-01 19:39:27.708473,0.05639081491333707,1.3012166136279106,1730.0,sell,-2155.5486317762125,2.0,0.0,0.005710793611111111,False
trade_69,USDJPY,2025-06-01 19:39:08.269195,2025-06-01 19:39:27.904116,1.2972075612520426,1.297116107919953,1710.0,buy,-2.156385197873401,2.0,0.0,0.0054541447222222214,False
trade_70,GBPUSD,2025-06-01 19:39:07.149616,2025-06-01 19:39:28.057286,0.05639081491333707,1.300851116532874,1710.0,sell,-2130.0271157694083,2.0,0.0,0.005807686111111111,False
trade_71,GBPUSD,2025-06-01 19:39:07.149616,2025-06-01 19:39:28.548961,0.05639081491333707,1.301233351348502,726.7438349570775,sell,-906.6816388465872,2.0,0.0,0.0059442625,False
trade_72,USDJPY,2025-06-01 19:39:08.269195,2025-06-01 19:39:28.718795,1.2972665186390118,1.2962872443065936,1682.0,buy,-3.6471394271273763,2.0,0.0,0.0056804444444444446,False
trade_73,GBPUSD,2025-06-01 19:39:07.149616,2025-06-01 19:39:29.057286,1.301233351348502,1.3013442241203412,964.2561650429225,buy,-1.8930902462185588,2.0,0.0,0.006085463888888889,False
trade_74,USDJPY,2025-06-01 19:39:08.269195,2025-06-01 19:39:29.603624,1.297222776770829,1.2967996698144675,1682.0,buy,-2.7116659006002237,2.0,0.0,0.0059262302777777776,False
trade_75,GBPUSD,2025-06-01 19:39:07.149616,2025-06-01 19:39:29.981361,0.5227915158273252,1.3013196088998777,1682.0,sell,-1311.4842525480333,2.0,0.0,0.00634215138888889,False
trade_76,USDJPY,2025-06-01 19:39:08.269195,2025-06-01 19:39:30.547477,1.297009164024353,1.2963913241268739,1670.0,buy,-3.0317926287902823,2.0,0.0,0.006188411666666667,False
trade_77,USDJPY,2025-06-01 19:39:08.269195,2025-06-01 19:39:30.808691,1.297009164024353,1.296815683601992,1670.0,buy,-2.3231123053430607,2.0,0.0,0.006260971111111111,False
trade_78,EURUSD,2025-06-01 19:39:09.463057,2025-06-01 19:39:31.025961,1.1003028850677516,1.0997571418876813,1670.0,buy,-2.911391110717552,2.0,0.0,0.005989695555555555,False
trade_79,USDJPY,2025-06-01 19:39:08.269195,2025-06-01 19:39:31.379779,1.297009164024353,1.2971567542370106,1670.0,buy,-1.753524344861919,2.0,0.0,0.006419606666666667,False
trade_80,USDJPY,2025-06-01 19:39:08.269195,2025-06-01 19:39:31.829994,1.297133205851572,1.297255826456742,1670.0,buy,-1.7952235893663064,2.0,0.0,0.006544666388888888,False
trade_81,GBPUSD,2025-06-01 19:39:07.149616,2025-06-01 19:39:32.266356,0.7525818876752546,1.3009353976720543,1328.495367062207,sell,-730.485097543048,2.0,0.0,0.006976872222222222,False
trade_82,GBPUSD,2025-06-01 19:39:07.149616,2025-06-01 19:39:32.363941,0.7525818876752546,1.1001286393447864,1059.2484678948706,sell,-370.1383642277907,2.0,0.0,0.007003979166666666,False
trade_83,USDJPY,2025-06-01 19:39:08.269195,2025-06-01 19:39:32.529992,1.297270817432698,1.297545891668352,1660.0,buy,-1.5433767688142046,2.0,0.0,0.006739110277777778,False
trade_84,USDJPY,2025-06-01 19:39:08.269195,2025-06-01 19:39:32.842072,1.297270817432698,1.2970090120018496,1660.0,buy,-2.434597015208187,2.0,0.0,0.006825799166666666,False
trade_85,EURUSD,2025-06-01 19:39:09.463057,2025-06-01 19:39:33.277650,1.100069155958411,1.0990662732760155,1660.0,buy,-3.6647852527766416,2.0,0.0,0.006615164722222222,False
trade_86,GBPUSD,2025-06-01 19:39:07.149616,2025-06-01 19:39:33.914465,1.154418606458167,1.3008471842997749,1660.0,buy,241.0714392170691,2.0,0.0,0.007434680277777778,True
trade_87,GBPUSD,2025-06-01 19:39:07.149616,2025-06-01 19:39:33.994708,1.154418606458167,1.3007845957244022,604.7515321051296,buy,86.51505625683872,2.0,0.0,0.00745697,True
trade_88,USDJPY,2025-06-01 19:39:08.269195,2025-06-01 19:39:34.079188,1.2974472042447998,1.2966137454035334,1663.0,buy,-3.3860420530260216,2.0,0.0,0.0071694424999999996,False
trade_89,EURUSD,2025-06-01 19:39:09.463057,2025-06-01 19:39:34.182821,1.100069155958411,1.1001137427953613,1663.0,buy,-1.9258520901516512,2.0,0.0,0.006866601111111112,False
trade_90,EURUSD,2025-06-01 19:39:09.463057,2025-06-01 19:39:35.996941,1.1005107131577998,1.1002391842818129,1663.0,buy,-2.4515525207662394,2.0,0.0,0.0073705233333333335,False
trade_91,EURUSD,2025-06-01 19:39:09.463057,2025-06-01 19:39:37.678565,1.1005107131577998,1.1006807727734065,981.3807223522917,buy,-1.8331067715929663,2.0,0.0,0.007837641111111111,False
trade_92,EURUSD,2025-06-01 19:39:09.463057,2025-06-01 19:39:38.414743,1.1005107131577998,1.1010621937705822,681.6192776477083,sell,-2.375899816921475,2.0,0.0,0.008042134999999999,False
trade_93,USDJPY,2025-06-01 19:39:08.269195,2025-06-01 19:39:38.808635,1.2974759162074243,1.2977024448940429,1663.0,buy,-1.6232827941533623,2.0,0.0,0.008483177777777778,False
trade_94,USDJPY,2025-06-01 19:39:08.269195,2025-06-01 19:39:38.979844,1.2974759162074243,1.2976375436092922,1663.0,buy,-1.7312136306937325,2.0,0.0,0.008530735833333334,False
trade_95,USDJPY,2025-06-01 19:39:08.269195,2025-06-01 19:39:39.132447,1.2974759162074243,1.2975393183685948,1663.0,buy,-1.8945622059734393,2.0,0.0,0.008573125555555556,False
trade_96,GBPUSD,2025-06-01 19:39:07.149616,2025-06-01 19:39:39.602569,0.289697751226458,1.300067632675666,1663.0,sell,-1682.2451128500327,2.0,0.0,0.009014709166666668,False
trade_97,GBPUSD,2025-06-01 19:39:07.149616,2025-06-01 19:39:39.772370,0.289697751226458,1.2999945157210322,1057.2484678948704,sell,-1070.1347063810333,2.0,0.0,0.009061876111111112,False
trade_98,USDJPY,2025-06-01 19:39:08.269195,2025-06-01 19:39:39.962965,1.2976125827623248,1.297062111079532,1638.0,buy,-2.9016726164147286,2.0,0.0,0.008803825,False
trade_99,GBPUSD,2025-06-01 19:39:07.149616,2025-06-01 19:39:40.309584,1.032439439192733,1.299939469418597,1638.0,buy,436.1650495099654,2.0,0.0,0.009211102222222222,True
trade_100,GBPUSD,2025-06-01 19:39:07.149616,2025-06-01 19:39:40.877955,1.032439439192733,1.2999806221436712,590.7515321051296,buy,156.05036372948553,2.0,0.0,0.009368983055555556,True
trade_101,EURUSD,2025-06-01 19:39:09.463057,2025-06-01 19:39:41.028649,1.1006263413602637,1.1010051985903868,1643.0,buy,-1.3775375709077509,2.0,0.0,0.00876822,False
trade_102,GBPUSD,2025-06-01 19:39:07.149616,2025-06-01 19:39:41.162039,1.2999806221436712,1.2999959594536543,1051.2484678948704,sell,-2.0161233236214198,2.0,0.0,0.009447895277777778,False
trade_103,USDJPY,2025-06-01 19:39:08.269195,2025-06-01 19:39:41.778558,1.248610093124408,1.0998834258653012,1643.0,buy,-246.35791430671242,2.0,0.0,0.00930815638888889,False
trade_104,USDJPY,2025-06-01 19:39:08.269195,2025-06-01 19:39:41.945498,1.248610093124408,1.2981593484127367,1641.0,buy,79.3103279281475,2.0,0.0,0.00935452861111111,True
trade_105,GBPUSD,2025-06-01 19:39:07.149616,2025-06-01 19:39:42.224791,1.2999806221436712,1.2996277570943358,591.7515321051296,buy,-2.208808433570578,2.0,0.0,0.009743104166666667,False
trade_106,EURUSD,2025-06-01 19:39:09.463057,2025-06-01 19:39:42.376559,1.1007172827049878,1.1012682119278605,1642.0,buy,-1.0953742160430298,2.0,0.0,0.009142639444444444,False
trade_107,EURUSD,2025-06-01 19:39:09.463057,2025-06-01 19:39:42.675320,1.1007645084739937,1.1009186952581642,1642.0,buy,-1.7468253003919365,2.0,0.0,0.009225628611111111,False
trade_108,USDJPY,2025-06-01 19:39:08.269195,2025-06-01 19:39:42.782848,1.248610093124408,1.2975417409578738,1642.0,buy,78.34576574255088,2.0,0.0,0.009587125833333333,True
trade_109,EURUSD,2025-06-01 19:39:09.463057,2025-06-01 19:39:42.932977,1.1007645084739937,1.1009820919017215,1643.0,buy,-1.6425104282431937,2.0,0.0,0.0092972,False
trade_110,EURUSD,2025-06-01 19:39:09.463057,2025-06-01 19:39:43.018642,1.1007645084739937,1.1008753972705245,1642.0,buy,-1.8179205960963074,2.0,0.0,0.009320995833333333,False
trade_111,EURUSD,2025-06-01 19:39:09.463057,2025-06-01 19:39:43.125418,1.1007645084739937,1.1009444786028348,1000.3807223522917,buy,-1.819961352508016,2.0,0.0,0.009350655833333332,False
trade_112,GBPUSD,2025-06-01 19:39:07.149616,2025-06-01 19:39:43.276829,1.2996277570943358,1.2998235562996105,1050.2484678948704,sell,-2.2056378153548852,2.0,0.0,0.010035336944444443,False
trade_113,EURUSD,2025-06-01 19:39:09.463057,2025-06-01 19:39:43.378006,1.1007645084739937,1.1012297033619016,641.6192776477083,sell,-2.298478007944919,2.0,0.0,0.009420819166666667,False
trade_114,EURUSD,2025-06-01 19:39:09.463057,2025-06-01 19:39:43.532414,1.1012297033619016,1.1015498237626107,973.4368971528659,buy,-1.6883829904184442,2.0,0.0,0.009463710277777777,False
trade_115,EURUSD,2025-06-01 19:39:09.463057,2025-06-01 19:39:43.645614,1.1012297033619016,1.1001273275363215,668.5631028471341,sell,-1.2629921975464646,2.0,0.0,0.009495154722222223,False
trade_116,EURUSD,2025-06-01 19:39:09.463057,2025-06-01 19:39:43.743969,1.1001273275363215,1.0998948633925585,973.4368971528659,buy,-2.226289174803942,2.0,0.0,0.009522475555555555,False
trade_117,EURUSD,2025-06-01 19:39:09.463057,2025-06-01 19:39:43.898456,1.1001273275363215,1.1015977589572195,668.5631028471341,sell,-2.983076193279472,2.0,0.0,0.00956538861111111,False
trade_118,USDJPY,2025-06-01 19:39:08.269195,2025-06-01 19:39:44.191901,1.2737504922195442,1.2987062113501673,1642.0,buy,38.97729081248315,2.0,0.0,0.009978529444444445,True
trade_119,USDJPY,2025-06-01 19:39:08.269195,2025-06-01 19:39:44.426633,1.2866386581675782,1.2987046489590237,1643.0,buy,17.824422870345032,2.0,0.0,0.010043732777777778,True
trade_120,USDJPY,2025-06-01 19:39:08.269195,2025-06-01 19:39:44.499414,1.2866386581675782,1.2986494575577445,1633.7407881135496,buy,17.622532861564128,2.0,0.0,0.010063949722222222,True
trade_121,GBPUSD,2025-06-01 19:39:07.149616,2025-06-01 19:39:44.719041,1.2999117685512211,1.299560137260899,1643.0,buy,-2.577730209999423,2.0,0.0,0.01043595138888889,False
trade_122,GBPUSD,2025-06-01 19:39:07.149616,2025-06-01 19:39:44.837975,1.2999117685512211,1.2994969330540398,591.7515321051296,buy,-2.245479541028659,2.0,0.0,0.01046898861111111,False
trade_123,USDJPY,2025-06-01 19:39:08.269195,2025-06-01 19:39:45.011655,1.2843709189191528,1.2992580674735665,1643.0,sell,-26.4595850749018,2.0,0.0,0.010206238888888889,False
trade_124,GBPUSD,2025-06-01 19:39:07.149616,2025-06-01 19:39:45.310308,1.2994969330540398,1.3000191132866508,1051.2484678948704,sell,-2.5489411694972683,2.0,0.0,0.010600192222222221,False
trade_125,EURUSD,2025-06-01 19:39:09.463057,2025-06-01 19:39:45.443379,1.1021491157261685,1.1020928304955935,1643.0,buy,-2.092476633834713,2.0,0.0,0.00999453388888889,False
trade_126,GBPUSD,2025-06-01 19:39:07.149616,2025-06-01 19:39:45.546398,1.2994969330540398,1.2993771389190423,591.7515321051296,buy,-2.0708883629219907,2.0,0.0,0.010665772777777778,False
trade_127,GBPUSD,2025-06-01 19:39:07.149616,2025-06-01 19:39:45.628854,1.2993771389190423,1.2996200319063167,1051.2484678948704,sell,-2.255340880734646,2.0,0.0,0.010688677222222222,False
trade_128,GBPUSD,2025-06-01 19:39:07.149616,2025-06-01 19:39:46.897625,1.2993771389190423,1.299860224083988,591.7515321051296,buy,-1.7141336135060792,2.0,0.0,0.011041113611111111,False
trade_129,USDJPY,2025-06-01 19:39:08.269195,2025-06-01 19:39:47.031212,0.4299752101395158,1.298850377559461,1643.0,sell,-1429.56190007097,2.0,0.0,0.010767226944444444,False
trade_130,GBPUSD,2025-06-01 19:39:07.149616,2025-06-01 19:39:47.143568,1.299860224083988,1.2997883023318417,1051.2484678948704,sell,-1.9243923682478665,2.0,0.0,0.011109431111111111,False
trade_131,GBPUSD,2025-06-01 19:39:07.149616,2025-06-01 19:39:47.255656,1.299860224083988,1.2996755142005227,578.7515321051296,buy,-2.106901128050506,2.0,0.0,0.011140566666666667,False
trade_132,GBPUSD,2025-06-01 19:39:07.149616,2025-06-01 19:39:47.347491,1.2996755142005227,1.2994893063080777,1051.2484678948704,sell,-1.804249238357202,2.0,0.0,0.01116607638888889,False
trade_133,GBPUSD,2025-06-01 19:39:07.149616,2025-06-01 19:39:47.460753,1.2996755142005227,1.2994506238730934,578.7515321051296,buy,-2.130155621555354,2.0,0.0,0.011197538055555557,False
trade_134,EURUSD,2025-06-01 19:39:09.463057,2025-06-01 19:39:48.647228,1.1021491157261685,1.102018725208042,973.4368971528656,buy,-2.126926941383182,2.0,0.0,0.010884491944444444,False
trade_135,EURUSD,2025-06-01 19:39:09.463057,2025-06-01 19:39:48.782104,1.1021491157261685,1.1022820899978438,656.5631028471344,sell,-2.08730600041001,2.0,0.0,0.0109219575,False
trade_136,GBPUSD,2025-06-01 19:39:07.149616,2025-06-01 19:39:48.922531,1.2994506238730934,1.2994888052862705,1051.2484678948704,sell,-2.0401381521045185,2.0,0.0,0.0116035875,False
trade_137,GBPUSD,2025-06-01 19:39:07.149616,2025-06-01 19:39:49.163799,1.2994506238730934,1.2991544655581655,578.7515321051296,buy,-2.1714020785102,2.0,0.0,0.01167060638888889,False
trade_138,GBPUSD,2025-06-01 19:39:07.149616,2025-06-01 19:39:49.291799,1.2991544655581655,1.2996443157523658,1051.2484678948704,sell,-2.514954266151108,2.0,0.0,0.011706161944444446,False
trade_139,GBPUSD,2025-06-01 19:39:07.149616,2025-06-01 19:39:49.464774,1.2991544655581655,1.2993472143202982,577.7515321051296,buy,-1.8886391073664592,2.0,0.0,0.011754210555555554,False
trade_140,USDJPY,2025-06-01 19:39:08.269195,2025-06-01 19:39:49.578189,0.21612264349639068,1.298244541217493,1629.0,sell,-1764.7765713876756,2.0,0.0,0.011474720555555555,False
trade_141,USDJPY,2025-06-01 19:39:08.269195,2025-06-01 19:39:49.931640,0.15717847273868857,1.2981967032920212,1613.0,sell,-1842.4624058825257,2.0,0.0,0.011572901388888888,False
trade_142,GBPUSD,2025-06-01 19:39:07.149616,2025-06-01 19:39:50.045453,1.2993472143202982,1.2996608472643778,1051.2484678948704,sell,-2.3297061519450377,2.0,0.0,0.011915510277777777,False
trade_143,GBPUSD,2025-06-01 19:39:07.149616,2025-06-01 19:39:50.340585,1.2992456715890728,1.2993712332299896,1597.0,buy,-1.799478059455845,2.0,0.0,0.011997491388888889,False
trade_144,GBPUSD,2025-06-01 19:39:07.149616,2025-06-01 19:39:50.444466,1.2992456715890728,1.2989897548670233,545.7515321051296,buy,-2.1396669431498365,2.0,0.0,0.012026347222222221,False
trade_145,GBPUSD,2025-06-01 19:39:07.149616,2025-06-01 19:39:50.700225,1.2989897548670233,1.2995738892202184,1051.2484678948704,sell,-2.6140703438411665,2.0,0.0,0.012097391388888889,False
trade_146,USDJPY,2025-06-01 19:39:08.269195,2025-06-01 19:39:50.982104,0.15717847273868857,1.298771821313314,1597.0,sell,-1825.1245776736769,2.0,0.0,0.011864696944444445,False
trade_147,GBPUSD,2025-06-01 19:39:07.149616,2025-06-01 19:39:51.215345,1.2989897548670233,1.299062248754651,545.7515321051296,buy,-1.960436349758895,2.0,0.0,0.012240480277777776,False
trade_148,EURUSD,2025-06-01 19:39:09.463057,2025-06-01 19:39:51.390441,1.102938881426546,1.1023160182034344,1580.0,buy,-2.984123892516262,2.0,0.0,0.011646495555555556,False
trade_149,EURUSD,2025-06-01 19:39:09.463057,2025-06-01 19:39:51.761806,1.102938881426546,1.1029407065971637,1006.4368971528656,buy,-1.9981630809466941,2.0,0.0,0.0117496525,False
trade_150,GBPUSD,2025-06-01 19:39:07.149616,2025-06-01 19:39:52.280307,0.3203702172525071,1.2990170906265424,1580.0,sell,-1548.2620599309757,2.0,0.0,0.012536303055555555,False
trade_151,EURUSD,2025-06-01 19:39:09.463057,2025-06-01 19:39:52.408895,1.102938881426546,1.1041296057638446,573.5631028471344,sell,-2.6829555455365885,2.0,0.0,0.011929399444444445,False
trade_152,GBPUSD,2025-06-01 19:39:07.149616,2025-06-01 19:39:52.646045,0.28633001637489425,1.3001509681109162,1566.0,sell,-1589.6436104186103,2.0,0.0,0.012637896944444444,False
trade_153,USDJPY,2025-06-01 19:39:08.269195,2025-06-01 19:39:52.975642,0.2945198865189246,1.2982443254753118,1551.0,sell,-1558.7766048213566,2.0,0.0,0.012418457499999999,False
trade_154,EURUSD,2025-06-01 19:39:09.463057,2025-06-01 19:39:53.225054,1.1034715351393651,1.1031864609529303,1537.0,buy,-2.4381590245503855,2.0,0.0,0.012156110277777778,False
trade_155,USDJPY,2025-06-01 19:39:08.269195,2025-06-01 19:39:53.397825,0.2945198865189246,1.29850166215124,1537.0,sell,-1545.1199891468686,2.0,0.0,0.012535730555555557,False
trade_156,GBPUSD,2025-06-01 19:39:07.149616,2025-06-01 19:39:53.790072,0.29759221389082857,1.3006485580397134,1523.0,sell,-1529.6548121387516,2.0,0.0,0.012955682222222223,False
trade_157,GBPUSD,2025-06-01 19:39:07.149616,2025-06-01 19:39:54.066800,0.29759221389082857,1.3009661129137855,1509.0,sell,-1516.0912136256418,2.0,0.0,0.013032551111111111,False
trade_158,USDJPY,2025-06-01 19:39:08.269195,2025-06-01 19:39:54.737572,0.2945198865189246,1.297645171038035,1495.0,sell,-1501.6723003560699,2.0,0.0,0.012907882499999999,False
trade_159,GBPUSD,2025-06-01 19:39:07.149616,2025-06-01 19:39:54.900477,0.6211186694317284,1.3011795784709956,1482.0,sell,-1009.850267196194,2.0,0.0,0.013264128055555555,False
trade_160,USDJPY,2025-06-01 19:39:08.269195,2025-06-01 19:39:55.228468,0.2945198865189246,1.2965330770116839,987.0077559320989,sell,-990.994790562621,2.0,0.0,0.0130442425,False
trade_161,GBPUSD,2025-06-01 19:39:07.149616,2025-06-01 19:39:55.316629,0.6211186694317284,1.301071491544453,1118.2484678948704,sell,-762.3562015683476,2.0,0.0,0.013379725833333333,False
trade_162,EURUSD,2025-06-01 19:39:09.463057,2025-06-01 19:39:55.422953,1.103219680028825,1.1027695344467792,1457.0,buy,-2.65586211304075,2.0,0.0,0.012766637777777779,False
trade_163,USDJPY,2025-06-01 19:39:08.269195,2025-06-01 19:39:55.895799,0.2945198865189246,1.296925164245977,485.9922440679011,buy,485.16119038807784,2.0,0.0,0.013229612222222221,True
trade_164,USDJPY,2025-06-01 19:39:08.269195,2025-06-01 19:39:56.041978,1.296925164245977,1.2979745797573368,971.0077559320989,sell,-3.0189906007258553,2.0,0.0,0.013270217499999999,False
trade_165,GBPUSD,2025-06-01 19:39:07.149616,2025-06-01 19:39:56.167342,0.6211186694317284,1.3009355516924717,345.7515321051296,buy,233.0477285925845,2.0,0.0,0.013616035,True
trade_166,GBPUSD,2025-06-01 19:39:07.149616,2025-06-01 19:39:56.995254,0.17539771589681433,1.3016882144595465,1463.0,sell,-1649.7629993972773,2.0,0.0,0.013846010555555555,False
trade_167,EURUSD,2025-06-01 19:39:09.463057,2025-06-01 19:39:57.303581,1.103208083315132,1.1024454238754382,1448.0,buy,-3.1043308686767546,2.0,0.0,0.013289034444444445,False
trade_168,GBPUSD,2025-06-01 19:39:07.149616,2025-06-01 19:39:57.514105,0.17539771589681433,1.3025593036199248,1115.2484678948704,sell,-1259.0652337781485,2.0,0.0,0.013990135833333334,False
trade_169,USDJPY,2025-06-01 19:39:08.269195,2025-06-01 19:39:57.926338,1.2971456519283129,1.2965539013592464,1437.0,buy,-2.850345567748507,2.0,0.0,0.013793650833333332,False
trade_170,USDJPY,2025-06-01 19:39:08.269195,2025-06-01 19:39:58.559886,1.2971456519283129,1.2968212379759434,515.9922440679011,buy,-2.1673950832900672,2.0,0.0,0.01396963638888889,False
trade_171,GBPUSD,2025-06-01 19:39:07.149616,2025-06-01 19:39:58.834068,0.17539771589681433,1.3025794160603281,332.7515321051296,buy,373.0714376902741,2.0,0.0,0.014356792222222222,True
trade_172,GBPUSD,2025-06-01 19:39:07.149616,2025-06-01 19:39:58.992941,1.3025794160603281,1.302656337706976,1104.2484678948704,sell,-2.0849406104588435,2.0,0.0,0.014400923611111111,False
trade_173,EURUSD,2025-06-01 19:39:09.463057,2025-06-01 19:39:59.489306,1.1029675018761647,1.102948116731541,1440.0,buy,-2.027914608258186,2.0,0.0,0.013896180277777778,False
trade_174,GBPUSD,2025-06-01 19:39:07.149616,2025-06-01 19:39:59.647108,1.3024954291938982,1.3025619634471735,1440.0,buy,-1.9041906752835729,2.0,0.0,0.014582636666666668,False
trade_175,GBPUSD,2025-06-01 19:39:07.149616,2025-06-01 19:39:59.890392,1.3024954291938982,1.3029035530117188,335.7515321051296,buy,-1.8629718028781297,2.0,0.0,0.014650215555555554,False
trade_176,EURUSD,2025-06-01 19:39:09.463057,2025-06-01 19:40:00.176833,1.1029675018761647,1.1027065737098982,1440.0,buy,-2.3757365594236717,2.0,0.0,0.014087160000000001,False
trade_177,USDJPY,2025-06-01 19:39:08.269195,2025-06-01 19:40:00.372206,-0.3779956911739415,1.2975715395330187,1426.271232344077,sell,-2391.813339015768,2.0,0.0,0.014473058611111112,False
trade_178,EURUSD,2025-06-01 19:39:09.463057,2025-06-01 19:40:00.522127,1.1029675018761647,1.1026607641912816,1418.0,buy,-2.43495403716423,2.0,0.0,0.014183075,False
trade_179,USDJPY,2025-06-01 19:39:08.269195,2025-06-01 19:40:00.734771,-0.3779956911739415,1.2974692258608738,13.728767655923093,buy,21.00206856162144,2.0,0.0,0.014573771111111111,True
trade_180,GBPUSD,2025-06-01 19:39:07.149616,2025-06-01 19:40:00.875422,1.3029035530117188,1.3037074605365369,1104.2484678948704,sell,-2.887713652609512,2.0,0.0,0.014923835,False
trade_181,USDJPY,2025-06-01 19:39:08.269195,2025-06-01 19:40:01.189697,1.2974692258608738,1.297483401071935,1404.271232344077,sell,-2.019905841105612,2.0,0.0,0.014700139444444444,False
trade_182,EURUSD,2025-06-01 19:39:09.463057,2025-06-01 19:40:01.649617,1.1029675018761647,1.103411713523491,1418.0,buy,-1.3701078840911047,2.0,0.0,0.014496266666666667,False
trade_183,USDJPY,2025-06-01 19:39:08.269195,2025-06-01 19:40:01.976911,1.2980354572558452,1.2973642511861243,1418.0,buy,-2.95177020686428,2.0,0.0,0.01491881,False
trade_184,GBPUSD,2025-06-01 19:39:07.149616,2025-06-01 19:40:02.358152,1.3036494211576217,1.3040045669457836,1418.0,buy,-1.496403272386468,2.0,0.0,0.015335704444444445,False
trade_185,GBPUSD,2025-06-01 19:39:07.149616,2025-06-01 19:40:02.643147,1.3036494211576217,1.3042069534281044,1418.0,buy,-1.2094192404555044,2.0,0.0,0.01541486972222222,False
trade_186,EURUSD,2025-06-01 19:39:09.463057,2025-06-01 19:40:03.203091,1.1029675018761647,1.102796636794348,1183.4368971528656,buy,-2.202208042256842,2.0,0.0,0.014927787222222223,False
trade_187,USDJPY,2025-06-01 19:39:08.269195,2025-06-01 19:40:03.913111,1.297875443928136,1.2968012647075657,1418.0,buy,-3.5231861347685176,2.0,0.0,0.015456643333333332,False
trade_188,GBPUSD,2025-06-01 19:39:07.149616,2025-06-01 19:40:04.114317,1.3036494211576217,1.3037990388838352,313.7515321051296,buy,-1.9530572091704383,2.0,0.0,0.015823528055555557,False
trade_189,EURUSD,2025-06-01 19:39:09.463057,2025-06-01 19:40:04.241002,0.08468303645599136,1.1023182452515856,1418.0,sell,-1445.0067260721526,2.0,0.0,0.015216095833333334,False
trade_190,USDJPY,2025-06-01 19:39:08.269195,2025-06-01 19:40:04.475376,1.297875443928136,1.2972692978671874,1405.0,buy,-2.851635215632718,2.0,0.0,0.015612828055555555,False
trade_191,USDJPY,2025-06-01 19:39:08.269195,2025-06-01 19:40:04.682662,1.297875443928136,1.2976203007439846,26.728767655923093,buy,-2.006819662888173,2.0,0.0,0.0156704075,False
trade_192,USDJPY,2025-06-01 19:39:08.269195,2025-06-01 19:40:05.524685,1.2976203007439846,1.2974946213948275,1378.271232344077,sell,-1.8267797685570675,2.0,0.0,0.01590430277777778,False
trade_193,GBPUSD,2025-06-01 19:39:07.149616,2025-06-01 19:40:05.963777,0.07359076699071289,1.3039388591702297,1405.0,sell,-1730.6390695122209,2.0,0.0,0.016337266944444442,False
trade_194,USDJPY,2025-06-01 19:39:08.269195,2025-06-01 19:40:06.459553,1.2976426259816922,1.2971917604678291,1389.0,buy,-2.626252198755826,2.0,0.0,0.016163988333333334,False
trade_195,GBPUSD,2025-06-01 19:39:07.149616,2025-06-01 19:40:06.614798,0.07359076699071289,1.3036381093067322,1389.0,sell,-1710.5357584769506,2.0,0.0,0.01651810611111111,False
trade_196,GBPUSD,2025-06-01 19:39:07.149616,2025-06-01 19:40:06.873547,0.07359076699071289,1.3042547824017792,1374.0,sell,-1692.932357174805,2.0,0.0,0.016589980833333334,False
trade_197,GBPUSD,2025-06-01 19:39:07.149616,2025-06-01 19:40:07.429115,0.6717244710618225,1.3033847814088482,1149.0769840050932,sell,-727.8263243292814,2.0,0.0,0.016744305277777777,False
trade_198,USDJPY,2025-06-01 19:39:08.269195,2025-06-01 19:40:07.812212,1.2973837216456012,1.2967778996737798,1352.0,buy,-2.819071305902618,2.0,0.0,0.016539726944444444,False
trade_199,GBPUSD,2025-06-01 19:39:07.149616,2025-06-01 19:40:08.306311,0.22506049950055038,1.303200794459803,1352.0,sell,-1459.6456787849097,2.0,0.0,0.016987970833333334,False
trade_200,GBPUSD,2025-06-01 19:39:07.149616,2025-06-01 19:40:08.429165,0.22506049950055038,1.303365376437584,1338.0,sell,-1444.7719253417513,2.0,0.0,0.017022096944444447,False
trade_201,USDJPY,2025-06-01 19:39:08.269195,2025-06-01 19:40:08.767849,1.2973837216456012,1.2959917954617832,32.72876765592309,buy,-2.0455560286643752,2.0,0.0,0.01680518166666667,False
trade_202,EURUSD,2025-06-01 19:39:09.463057,2025-06-01 19:40:09.158745,0.08468303645599136,1.101845190753728,1325.0,sell,-1349.7398544445011,2.0,0.0,0.016582135555555554,False
trade_203,EURUSD,2025-06-01 19:39:09.463057,2025-06-01 19:40:09.391335,0.08468303645599136,1.101888619165348,327.56310284713436,sell,-335.19901690570424,2.0,0.0,0.016646743888888888,False
trade_204,EURUSD,2025-06-01 19:39:09.463057,2025-06-01 19:40:09.544903,1.101888619165348,1.1019156855521928,985.4368971528656,buy,-1.973327783730632,2.0,0.0,0.016689401666666666,False
trade_205,EURUSD,2025-06-01 19:39:09.463057,2025-06-01 19:40:09.812277,1.101888619165348,1.1001074676071496,324.56310284713436,sell,-1.4219039236300968,2.0,0.0,0.016763672222222224,False
trade_206,USDJPY,2025-06-01 19:39:08.269195,2025-06-01 19:40:10.003650,0.12318477496792941,1.2963552922091754,1310.0,sell,-1538.8533775860324,2.0,0.0,0.01714845972222222,False
trade_207,EURUSD,2025-06-01 19:39:09.463057,2025-06-01 19:40:10.354923,1.1001074676071496,1.1020566072760591,985.4368971528656,buy,-0.07924585255223127,2.0,0.0,0.016914407222222223,False
trade_208,EURUSD,2025-06-01 19:39:09.463057,2025-06-01 19:40:10.628176,1.1001074676071496,1.1026118085775856,310.56310284713436,sell,-2.7777559023657914,2.0,0.0,0.01699031083333333,False
trade_209,GBPUSD,2025-06-01 19:39:07.149616,2025-06-01 19:40:11.093105,0.046863448796615755,1.302965773010402,1296.0,sell,-1629.9086121810672,2.0,0.0,0.017762080277777776,False
trade_210,EURUSD,2025-06-01 19:39:09.463057,2025-06-01 19:40:11.881097,1.1026118085775856,1.10179745876536,985.4368971528656,buy,-2.8024903521565165,2.0,0.0,0.017338344444444445,False
trade_211,USDJPY,2025-06-01 19:39:08.269195,2025-06-01 19:40:12.165977,0.2586737091396828,1.2971414462767246,1281.0,sell,-1332.2771712725507,2.0,0.0,0.01774910611111111,False
trade_212,USDJPY,2025-06-01 19:39:08.269195,2025-06-01 19:40:12.593381,0.2586737091396828,1.2973343673057627,1269.0,sell,-1320.0603752127556,2.0,0.0,0.017867829444444445,False
trade_213,GBPUSD,2025-06-01 19:39:07.149616,2025-06-01 19:40:12.840399,0.15659803046703089,1.302996469728493,1257.0,sell,-1443.0228381516579,2.0,0.0,0.01824743972222222,False
trade_214,GBPUSD,2025-06-01 19:39:07.149616,2025-06-01 19:40:13.347472,0.15659803046703089,1.302732028395256,1244.0,sell,-1427.790693422712,2.0,0.0,0.018388293333333333,False
trade_215,EURUSD,2025-06-01 19:39:09.463057,2025-06-01 19:40:13.825985,0.5678374026659976,1.1018632296674022,1231.0,sell,-659.3857930387292,2.0,0.0,0.01787859111111111,False
trade_216,GBPUSD,2025-06-01 19:39:07.149616,2025-06-01 19:40:14.560742,0.10305071214662925,1.3028602216199776,436.5415618886558,sell,-525.7667172343574,2.0,0.0,0.018725312777777777,False
trade_217,EURUSD,2025-06-01 19:39:09.463057,2025-06-01 19:40:14.877762,0.04708352543491848,1.101833247566583,1220.0,sell,-1288.7946610006309,2.0,0.0,0.01817075138888889,False
trade_218,GBPUSD,2025-06-01 19:39:07.149616,2025-06-01 19:40:14.991766,0.11300639549706436,1.303208844889745,1208.0,sell,-1439.7645588663581,2.0,0.0,0.018845041666666666,False
trade_219,USDJPY,2025-06-01 19:39:08.269195,2025-06-01 19:40:15.406392,0.11863809139546827,1.2982682627335609,1195.0,sell,-1411.6580547490207,2.0,0.0,0.01864922138888889,False
trade_220,GBPUSD,2025-06-01 19:39:07.149616,2025-06-01 19:40:15.897044,0.11300639549706436,1.3030076361783067,1182.0,sell,-1408.5814664852285,2.0,0.0,0.01909650777777778,False
trade_221,USDJPY,2025-06-01 19:39:08.269195,2025-06-01 19:40:16.129887,0.23957627106873983,1.2979291274302596,1170.0,sell,-1240.272841942978,2.0,0.0,0.01885019222222222,False
trade_222,USDJPY,2025-06-01 19:39:08.269195,2025-06-01 19:40:16.365955,0.23957627106873983,1.2983025864760276,1158.0,sell,-1228.0050732416391,2.0,0.0,0.018915766666666667,False
trade_223,EURUSD,2025-06-01 19:39:09.463057,2025-06-01 19:40:16.745396,0.36877150976735146,1.1018334197290731,1147.0,sell,-842.8220107260948,2.0,0.0,0.018689538611111108,False
trade_224,USDJPY,2025-06-01 19:39:08.269195,2025-06-01 19:40:17.109975,0.2654950967343066,1.2978683844698713,1139.0,sell,-1177.8731747308082,2.0,0.0,0.019122438888888888,False
trade_225,USDJPY,2025-06-01 19:39:08.269195,2025-06-01 19:40:18.026442,0.24119724932944975,1.2981225041615125,1129.0,sell,-1195.2686127053987,2.0,0.0,0.01937701305555556,False
trade_226,USDJPY,2025-06-01 19:39:08.269195,2025-06-01 19:40:18.520031,0.25427703361681436,1.2982240741761235,1118.0,sell,-1169.1327913453076,2.0,0.0,0.019514121111111112,False
trade_227,GBPUSD,2025-06-01 19:39:07.149616,2025-06-01 19:40:18.908699,0.09165945837183313,1.302549732474925,1107.0,sell,-1342.4555334321226,2.0,0.0,0.019933078611111113,False
trade_228,USDJPY,2025-06-01 19:39:08.269195,2025-06-01 19:40:19.188739,0.23836343682948324,1.2978948126918115,1095.0,sell,-1162.1868565692494,2.0,0.0,0.019699873333333333,False
trade_229,GBPUSD,2025-06-01 19:39:07.149616,2025-06-01 19:40:19.340794,0.09165945837183313,1.3028767027125843,1085.0,sell,-1316.170710109715,2.0,0.0,0.020053104999999998,False
trade_230,USDJPY,2025-06-01 19:39:08.269195,2025-06-01 19:40:19.970093,0.1491071971088357,1.2982002930566647,1073.0,sell,-1234.9768919520204,2.0,0.0,0.01991691611111111,False
trade_231,EURUSD,2025-06-01 19:39:09.463057,2025-06-01 19:40:20.065423,0.0788667094655045,1.101072068312418,1061.0,sell,-1086.5598857365753,2.0,0.0,0.019611768333333335,False
trade_232,GBPUSD,2025-06-01 19:39:07.149616,2025-06-01 19:40:20.222608,0.10075224867836532,1.3024239590649205,1051.0,sell,-1264.9569676162694,2.0,0.0,0.020298053333333333,False
trade_233,USDJPY,2025-06-01 19:39:08.269195,2025-06-01 19:40:20.510059,0.1491071971088357,1.2977516181941804,1040.0,sell,-1196.5901979287587,2.0,0.0,0.02006690666666667,False
trade_234,USDJPY,2025-06-01 19:39:08.269195,2025-06-01 19:40:20.644883,0.1491071971088357,1.2979616372120877,1029.0,sell,-1184.1712188662464,2.0,0.0,0.020104357777777776,False
trade_235,EURUSD,2025-06-01 19:39:09.463057,2025-06-01 19:40:20.770439,0.14385897748547,1.1004932337310898,1018.0,sell,-975.853672858041,2.0,0.0,0.019807606111111112,False
trade_236,GBPUSD,2025-06-01 19:39:07.149616,2025-06-01 19:40:21.257523,0.07750705263774456,1.3038180728161646,1009.0,sell,-1239.3478193600258,2.0,0.0,0.02058552972222222,False
trade_237,USDJPY,2025-06-01 19:39:08.269195,2025-06-01 19:40:21.608424,0.12770495550284716,1.2981552376157939,1000.0,sell,-1172.4502821129468,2.0,0.0,0.020372008055555557,False
trade_238,USDJPY,2025-06-01 19:39:08.269195,2025-06-01 19:40:21.703686,0.12770495550284716,1.298665911899804,1000.0,sell,-1172.960956396957,2.0,0.0,0.020398469722222222,False
trade_239,USDJPY,2025-06-01 19:39:08.269195,2025-06-01 19:40:22.143872,0.12770495550284716,1.2980970692096858,1000.0,sell,-1172.3921137068387,2.0,0.0,0.020520743611111114,False
trade_240,EURUSD,2025-06-01 19:39:09.463057,2025-06-01 19:40:22.285253,0.09789082170162362,1.100430004565399,1000.0,sell,-1004.5391828637753,2.0,0.0,0.02022838777777778,False
trade_241,EURUSD,2025-06-01 19:39:09.463057,2025-06-01 19:40:22.620397,0.09789082170162362,1.100901479476429,1000.0,sell,-1005.0106577748053,2.0,0.0,0.020321483333333334,False
trade_242,USDJPY,2025-06-01 19:39:08.269195,2025-06-01 19:40:23.134953,0.00013712168492314376,1.298191829157945,1000.0,sell,-1300.054707473022,2.0,0.0,0.02079604388888889,False
trade_243,GBPUSD,2025-06-01 19:39:07.149616,2025-06-01 19:40:23.387910,0.06562620279716878,1.3034729035208565,1000.0,sell,-1239.8467007236877,2.0,0.0,0.021177303888888888,False
trade_244,USDJPY,2025-06-01 19:39:08.269195,2025-06-01 19:40:23.536334,0.647022864398163,1.2980400352305006,1000.0,sell,-653.0171708323376,2.0,0.0,0.02090753861111111,False
trade_245,EURUSD,2025-06-01 19:39:09.463057,2025-06-01 19:40:23.641502,0.09789082170162362,1.1006531542965958,1000.0,sell,-1004.7623325949721,2.0,0.0,0.02060512361111111,False
trade_246,GBPUSD,2025-06-01 19:39:07.149616,2025-06-01 19:40:23.799171,0.06562620279716878,1.3031002283829358,1000.0,sell,-1239.474025585767,2.0,0.0,0.021291543055555556,False
trade_247,USDJPY,2025-06-01 19:39:08.269195,2025-06-01 19:40:24.231074,0.647022864398163,1.2984626085798272,1000.0,sell,-653.4397441816642,2.0,0.0,0.021100521944444443,False
trade_248,EURUSD,2025-06-01 19:39:09.463057,2025-06-01 19:40:24.432377,0.09789082170162362,1.100767827115324,1000.0,sell,-1004.8770054137004,2.0,0.0,0.02082481111111111,False
trade_249,GBPUSD,2025-06-01 19:39:07.149616,2025-06-01 19:40:25.090094,0.053360453381844725,1.302907495468848,1000.0,sell,-1251.547042087003,2.0,0.0,0.02165013277777778,False
trade_250,EURUSD,2025-06-01 19:39:09.463057,2025-06-01 19:40:25.260089,0.24465766746233722,1.1012760078752044,1000.0,sell,-858.6183404128673,2.0,0.0,0.02105473111111111,False
trade_251,USDJPY,2025-06-01 19:39:08.269195,2025-06-01 19:40:25.484774,0.647022864398163,1.298575074064873,5.416921951963104,sell,-5.529407467393668,2.0,0.0,0.021448771944444445,False
trade_252,GBPUSD,2025-06-01 19:39:07.149616,2025-06-01 19:40:25.573008,0.053360453381844725,1.303792339826824,1000.0,sell,-1252.4318864449792,2.0,0.0,0.02178427555555556,False
trade_253,EURUSD,2025-06-01 19:39:09.463057,2025-06-01 19:40:26.010537,-0.01039060869435729,1.1014101751957586,1000.0,sell,-1113.8007838901158,2.0,0.0,0.02126318888888889,False
trade_254,USDJPY,2025-06-01 19:39:08.269195,2025-06-01 19:40:26.406824,1.298575074064873,1.2975196177689334,994.5830780480369,buy,-3.049738971560693,2.0,0.0,0.021704896944444444,False
trade_255,USDJPY,2025-06-01 19:39:08.269195,2025-06-01 19:40:27.089837,1.2836281063477903,1.2978992034749939,1000.0,sell,-16.271097127203536,2.0,0.0,0.02189462277777778,False
trade_256,USDJPY,2025-06-01 19:39:08.269195,2025-06-01 19:40:27.937712,-0.21531778028762433,1.2975503858182196,1000.0,sell,-1514.8681661058438,2.0,0.0,0.02213014361111111,False
trade_257,EURUSD,2025-06-01 19:39:09.463057,2025-06-01 19:40:28.155489,-0.0060312814367004496,1.101070258333856,1000.0,sell,-1109.1015397705567,2.0,0.0,0.02185900888888889,False
trade_258,GBPUSD,2025-06-01 19:39:07.149616,2025-06-01 19:40:28.646571,0.04338342574336085,1.303774202894229,1000.0,sell,-1262.3907771508682,2.0,0.0,0.022638043055555557,False
trade_259,GBPUSD,2025-06-01 19:39:07.149616,2025-06-01 19:40:28.871455,0.04338342574336085,1.3031067895604254,1000.0,sell,-1261.7233638170646,2.0,0.0,0.022700510833333333,False
trade_260,USDJPY,2025-06-01 19:39:08.269195,2025-06-01 19:40:29.116022,0.9747757970934308,1.2987237345157663,1000.0,sell,-325.94793742233554,2.0,0.0,0.022457451944444446,False
trade_261,EURUSD,2025-06-01 19:39:09.463057,2025-06-01 19:40:29.339270,-0.0060312814367004496,1.1012610941053917,1000.0,sell,-1109.2923755420923,2.0,0.0,0.022187836944444445,False
trade_262,GBPUSD,2025-06-01 19:39:07.149616,2025-06-01 19:40:30.270326,0.03533531392180347,1.3028527458063253,1000.0,sell,-1269.5174318845218,2.0,0.0,0.02308908611111111,False
trade_263,EURUSD,2025-06-01 19:39:09.463057,2025-06-01 19:40:31.161339,-0.0034927840484182088,1.1011591051911012,1000.0,sell,-1106.6518892395195,2.0,0.0,0.022693967222222222,False
trade_264,GBPUSD,2025-06-01 19:39:07.149616,2025-06-01 19:40:31.594018,0.029328697928439246,1.3030808652280403,1000.0,sell,-1275.752167299601,2.0,0.0,0.02345677833333333,False
trade_265,GBPUSD,2025-06-01 19:39:07.149616,2025-06-01 19:40:32.069914,0.08422114234813538,1.3029554734883695,1000.0,sell,-1220.7343311402342,2.0,0.0,0.023588971666666667,False
trade_266,USDJPY,2025-06-01 19:39:08.269195,2025-06-01 19:40:32.620334,0.6205446990271002,1.298655464482338,1000.0,sell,-680.1107654552378,2.0,0.0,0.023430871944444445,False
trade_267,EURUSD,2025-06-01 19:39:09.463057,2025-06-01 19:40:33.616646,0.05032971620491244,1.100954090776994,1000.0,sell,-1052.6243745720815,2.0,0.0,0.023375996944444442,False
trade_268,EURUSD,2025-06-01 19:39:09.463057,2025-06-01 19:40:34.086370,0.15387458805982,1.1006979578990757,1000.0,sell,-948.8233698392556,2.0,0.0,0.023506475833333332,False
trade_269,GBPUSD,2025-06-01 19:39:07.149616,2025-06-01 19:40:34.474491,0.11136495795513286,1.3023787439553078,1000.0,sell,-1193.013786000175,2.0,0.0,0.024256909722222223,False
trade_270,USDJPY,2025-06-01 19:39:08.269195,2025-06-01 19:40:34.656557,0.7262029781380717,1.2979769894148978,1000.0,sell,-573.7740112768262,2.0,0.0,0.023996489444444442,False
trade_271,EURUSD,2025-06-01 19:39:09.463057,2025-06-01 19:40:35.030234,0.15387458805982,1.1005567690880291,689.2262140074807,sell,-654.478175498417,2.0,0.0,0.023768660277777777,False
trade_272,EURUSD,2025-06-01 19:39:09.463057,2025-06-01 19:40:35.462528,0.09961822941983738,1.100519794242156,1000.0,sell,-1002.9015648223187,2.0,0.0,0.023888741944444444,False
trade_273,USDJPY,2025-06-01 19:39:08.269195,2025-06-01 19:40:35.761780,0.6749755693874574,1.299117372078539,1000.0,sell,-626.1418026910816,2.0,0.0,0.024303495833333334,False
trade_274,GBPUSD,2025-06-01 19:39:07.149616,2025-06-01 19:40:36.258959,0.0025505878502510336,1.1001162604077255,1000.0,sell,-1099.5656725574745,2.0,0.0,0.024752595277777775,False
trade_275,GBPUSD,2025-06-01 19:39:07.149616,2025-06-01 19:40:37.310056,0.06510035381089567,1.3022341966893898,1000.0,sell,-1239.133842878494,2.0,0.0,0.025044566666666664,False
trade_276,GBPUSD,2025-06-01 19:39:07.149616,2025-06-01 19:40:37.692823,0.057587559710176824,1.3026791673154767,1000.0,sell,-1247.0916076052997,2.0,0.0,0.02515089083333333,False
trade_277,EURUSD,2025-06-01 19:39:09.463057,2025-06-01 19:40:43.219704,0.14282684700880244,1.1001475746517828,1000.0,sell,-959.3207276429804,2.0,0.0,0.026043513055555557,False
trade_278,EURUSD,2025-06-01 19:39:09.463057,2025-06-01 19:40:43.740359,0.10838243657924074,1.1005188204706313,1000.0,sell,-994.1363838913906,2.0,0.0,0.026188139444444446,False
trade_279,GBPUSD,2025-06-01 19:39:07.149616,2025-06-01 19:40:43.928359,0.057587559710176824,1.302368129068586,1000.0,sell,-1246.7805693584091,2.0,0.0,0.02688298416666667,False
trade_280,USDJPY,2025-06-01 19:39:08.269195,2025-06-01 19:40:44.292905,0.1073076862985961,1.2981153421385163,1000.0,sell,-1192.80765583992,2.0,0.0,0.026673252777777778,False
trade_281,EURUSD,2025-06-01 19:39:09.463057,2025-06-01 19:40:44.601852,0.10838243657924074,1.100274587232896,1000.0,sell,-993.8921506536553,2.0,0.0,0.026427443055555555,False
trade_282,EURUSD,2025-06-01 19:39:09.463057,2025-06-01 19:40:44.730101,0.10838243657924074,1.1002831472753583,1000.0,sell,-993.9007106961175,2.0,0.0,0.026463067777777776,False
trade_283,USDJPY,2025-06-01 19:39:08.269195,2025-06-01 19:40:45.060821,0.4831985218768793,1.297701136457927,1000.0,sell,-816.5026145810476,2.0,0.0,0.026886562777777775,False
trade_284,USDJPY,2025-06-01 19:39:08.269195,2025-06-01 19:40:45.430107,0.4831985218768793,1.2984070599515987,1000.0,sell,-817.2085380747194,2.0,0.0,0.02698914222222222,False
trade_285,GBPUSD,2025-06-01 19:39:07.149616,2025-06-01 19:40:45.757518,0.051008745389195934,1.302402254536958,1000.0,sell,-1253.3935091477622,2.0,0.0,0.027391083888888886,False
trade_286,EURUSD,2025-06-01 19:39:09.463057,2025-06-01 19:40:46.212019,0.05338989913992537,1.1000781227439882,1000.0,sell,-1048.6882236040628,2.0,0.0,0.02687471166666667,False
trade_287,USDJPY,2025-06-01 19:39:08.269195,2025-06-01 19:40:46.351103,0.8081355362340851,1.2977736782096398,1000.0,sell,-491.6381419755548,2.0,0.0,0.027244974444444445,False
trade_288,USDJPY,2025-06-01 19:39:08.269195,2025-06-01 19:40:46.664635,0.8081355362340851,1.297984846649221,379.4490261127348,sell,-187.87284377901804,2.0,0.0,0.027332066666666665,False
trade_289,USDJPY,2025-06-01 19:39:08.269195,2025-06-01 19:40:46.787154,1.297984846649221,1.2982448628410206,620.5509738872652,buy,-1.8386466989522967,2.0,0.0,0.027366099722222224,False
trade_290,EURUSD,2025-06-01 19:39:09.463057,2025-06-01 19:40:46.936345,0.23876536972758255,1.1001115111562976,1000.0,sell,-863.346141428715,2.0,0.0,0.027075913333333333,False
trade_291,USDJPY,2025-06-01 19:39:08.269195,2025-06-01 19:40:47.043398,1.297984846649221,1.2980235168426146,379.4490261127348,sell,-2.0146733672228128,2.0,0.0,0.027437278611111112,False
trade_292,USDJPY,2025-06-01 19:39:08.269195,2025-06-01 19:40:47.153247,1.2980235168426146,1.2969566385133033,620.5509738872652,buy,-2.662052386273342,2.0,0.0,0.02746779222222222,False
trade_293,USDJPY,2025-06-01 19:39:08.269195,2025-06-01 19:40:47.315468,1.2980235168426146,1.298000432620197,379.4490261127348,sell,-1.9912407142850754,2.0,0.0,0.02751285361111111,False
trade_294,GBPUSD,2025-06-01 19:39:07.149616,2025-06-01 19:40:47.460401,0.0268919258596192,1.3018669609055442,1000.0,sell,-1276.975035045925,2.0,0.0,0.027864106944444442,False
trade_295,USDJPY,2025-06-01 19:39:08.269195,2025-06-01 19:40:47.616574,1.298000432620197,1.2973795235289987,620.5509738872652,buy,-2.3853057412386147,2.0,0.0,0.02759649416666667,False
trade_296,EURUSD,2025-06-01 19:39:09.463057,2025-06-01 19:40:47.894309,0.23876536972758255,1.0998948304915264,1000.0,sell,-863.1294607639438,2.0,0.0,0.027342014444444444,False
trade_297,GBPUSD,2025-06-01 19:39:07.149616,2025-06-01 19:40:48.270119,0.023983285743450836,1.301697282968889,1000.0,sell,-1279.7139972254383,2.0,0.0,0.02808902861111111,False
trade_298,EURUSD,2025-06-01 19:39:09.463057,2025-06-01 19:40:48.461218,0.21544936538821005,1.0998997228344163,1000.0,sell,-886.4503574462062,2.0,0.0,0.027499489166666665,False
trade_299,GBPUSD,2025-06-01 19:39:07.149616,2025-06-01 19:40:48.694974,0.023983285743450836,1.302392419076966,995.0,sell,-1274.0170876668476,2.0,0.0,0.028207043888888887,False
trade_300,USDJPY,2025-06-01 19:39:08.269195,2025-06-01 19:40:48.844202,1.298000432620197,1.297336732627365,379.4490261127348,sell,-1.7481596840888682,2.0,0.0,0.027937501944444443,False
trade_301,GBPUSD,2025-06-01 19:39:07.149616,2025-06-01 19:40:49.127535,0.023983285743450836,1.3033427404557396,972.0,sell,-1245.5373899803449,2.0,0.0,0.028327199722222224,False
trade_302,USDJPY,2025-06-01 19:39:08.269195,2025-06-01 19:40:49.638320,1.2973202765478697,1.296762338641442,950.0,buy,-2.530041011106386,2.0,0.0,0.028158090277777777,False
trade_303,GBPUSD,2025-06-01 19:39:07.149616,2025-06-01 19:40:49.900567,0.023983285743450836,1.3024810618551246,950.0,sell,-1216.57288730609,2.0,0.0,0.028541930833333333,False
trade_304,GBPUSD,2025-06-01 19:39:07.149616,2025-06-01 19:40:50.325763,0.05593153245615442,1.302332622151484,927.0,sell,-1157.4138101475705,2.0,0.0,0.028660040833333334,False
trade_305,EURUSD,2025-06-01 19:39:09.463057,2025-06-01 19:40:51.317866,0.20196849444869866,1.0994626149640836,906.0,sell,-815.1296731869387,2.0,0.0,0.0282930025,False
trade_306,USDJPY,2025-06-01 19:39:08.269195,2025-06-01 19:40:51.385065,1.2973202765478697,1.2964938657374085,892.0,buy,-2.7371584429313884,2.0,0.0,0.02864329722222222,False
trade_307,EURUSD,2025-06-01 19:39:09.463057,2025-06-01 19:40:51.569492,0.20682707661852434,1.0998083386104767,656.0759233112119,sell,-587.8635059609813,2.0,0.0,0.028362898611111114,False
trade_308,USDJPY,2025-06-01 19:39:08.269195,2025-06-01 19:40:53.035365,1.2973202765478697,1.2963084730060648,881.0,buy,-2.891398920330176,2.0,0.0,0.02910171388888889,False
trade_309,USDJPY,2025-06-01 19:39:08.269195,2025-06-01 19:40:53.206437,1.2973202765478697,1.2966647636117747,741.5509738872652,buy,-2.4860962561569506,2.0,0.0,0.02914923388888889,False
trade_310,EURUSD,2025-06-01 19:39:09.463057,2025-06-01 19:40:53.466373,0.11449318149661344,1.099505353126195,881.0,sell,-869.7957232056613,2.0,0.0,0.02888981,False
trade_311,EURUSD,2025-06-01 19:39:09.463057,2025-06-01 19:40:53.964719,0.1527175063458365,1.099225765998443,865.0,sell,-820.7296445995047,2.0,0.0,0.029028239444444444,False
trade_312,USDJPY,2025-06-01 19:39:08.269195,2025-06-01 19:40:54.025782,0.9414016059884522,1.2965590783770091,850.0,sell,-303.8838515302734,2.0,0.0,0.02937682972222222,False
trade_313,GBPUSD,2025-06-01 19:39:07.149616,2025-06-01 19:40:54.150036,0.019799372556517543,1.3017426622555812,844.0,sell,-1083.9601365060098,2.0,0.0,0.02972233888888889,False
trade_314,EURUSD,2025-06-01 19:39:09.463057,2025-06-01 19:40:54.719696,0.1129476752030126,1.1001822513969466,825.0,sell,-816.4685253599955,2.0,0.0,0.02923795527777778,False
trade_315,EURUSD,2025-06-01 19:39:09.463057,2025-06-01 19:40:54.951923,0.1129476752030126,1.0996898577863297,810.0,sell,-801.2611678924868,2.0,0.0,0.029302462777777778,False
trade_316,EURUSD,2025-06-01 19:39:09.463057,2025-06-01 19:40:55.102764,0.1129476752030126,1.0993320947523502,795.0,sell,-786.1756135417234,2.0,0.0,0.029344363055555555,False
trade_317,USDJPY,2025-06-01 19:39:08.269195,2025-06-01 19:40:55.479761,0.9126765475130294,1.2953975252808032,781.0,sell,-300.90508363663133,2.0,0.0,0.029780712777777777,False
trade_318,EURUSD,2025-06-01 19:39:09.463057,2025-06-01 19:40:56.419806,0.3097919835175054,1.100444257888099,776.0,sell,-615.5461649115807,2.0,0.0,0.029710208055555555,False
trade_319,EURUSD,2025-06-01 19:39:09.463057,2025-06-01 19:40:56.698041,0.3097919835175054,1.1003500116099718,764.0,sell,-605.9863334626443,2.0,0.0,0.029787495555555554,False
trade_320,USDJPY,2025-06-01 19:39:08.269195,2025-06-01 19:40:56.919642,0.8169439387636958,1.2953222398467663,753.0,sell,-362.2188607155521,2.0,0.0,0.03018067972222222,False
trade_321,GBPUSD,2025-06-01 19:39:07.149616,2025-06-01 19:40:57.212772,0.018298142883303288,1.3014258532336385,747.0,sell,-960.4963996317003,2.0,0.0,0.03057309888888889,False
trade_322,GBPUSD,2025-06-01 19:39:07.149616,2025-06-01 19:40:57.705981,0.018298142883303288,1.3018573173540546,729.0,sell,-937.7146381891777,2.0,0.0,0.03071010138888889,False
trade_323,USDJPY,2025-06-01 19:39:08.269195,2025-06-01 19:40:57.884200,0.7756804532400854,1.2943532715457442,712.0,sell,-371.29504663362906,2.0,0.0,0.0304486125,False
trade_324,EURUSD,2025-06-01 19:39:09.463057,2025-06-01 19:40:58.636032,0.3986473145547734,1.1010693410356716,706.0,sell,-497.90995069551406,2.0,0.0,0.030325826388888887,False
trade_325,USDJPY,2025-06-01 19:39:08.269195,2025-06-01 19:40:58.934329,0.11834575445664261,1.2945243090667442,696.0,sell,-820.6202740086306,2.0,0.0,0.030740314999999997,False
trade_326,GBPUSD,2025-06-01 19:39:07.149616,2025-06-01 19:40:59.361487,0.03601275832629058,1.3020421438238148,682.0,sell,-865.4320409093115,2.0,0.0,0.031169964166666668,False
trade_327,EURUSD,2025-06-01 19:39:09.463057,2025-06-01 19:40:59.861827,0.12755768594835482,1.1013208306813638,666.0,sell,-650.526254392184,2.0,0.0,0.030666325,False
trade_328,USDJPY,2025-06-01 19:39:08.269195,2025-06-01 19:41:00.411176,0.050441274883056254,1.2943056060413087,654.0,sell,-815.4872725774972,2.0,0.0,0.03115055027777778,False
trade_329,USDJPY,2025-06-01 19:39:08.269195,2025-06-01 19:41:01.032295,0.3290579293693641,1.2941974914866863,639.0,sell,-618.7241801929689,2.0,0.0,0.031323083333333335,False
trade_330,USDJPY,2025-06-01 19:39:08.269195,2025-06-01 19:41:01.537268,0.12352423899239673,1.2946333104724868,628.0,sell,-737.4564968894965,2.0,0.0,0.03146335361111111,False
trade_331,EURUSD,2025-06-01 19:39:09.463057,2025-06-01 19:41:01.998823,0.26096074572906597,1.101613711500494,615.0,sell,-519.0015739494283,2.0,0.0,0.031259934999999996,False
trade_332,GBPUSD,2025-06-01 19:39:07.149616,2025-06-01 19:41:02.085257,0.015795251353898653,1.3015639007647486,288.71588641934625,sell,-373.2218353448592,2.0,0.0,0.03192656694444444,False
trade_333,GBPUSD,2025-06-01 19:39:07.149616,2025-06-01 19:41:02.569030,0.030016799213693313,1.3019062766392515,598.0,sell,-762.5899075004838,2.0,0.0,0.03206094833333333,False
trade_334,USDJPY,2025-06-01 19:39:08.269195,2025-06-01 19:41:03.050489,0.12352423899239673,1.2939817467726336,584.0,sell,-685.5471845436583,2.0,0.0,0.03188369277777778,False
trade_335,EURUSD,2025-06-01 19:39:09.463057,2025-06-01 19:41:03.375003,0.26096074572906597,1.102234852616341,572.0,sell,-483.20878913952134,2.0,0.0,0.031642207222222225,False
trade_336,GBPUSD,2025-06-01 19:39:07.149616,2025-06-01 19:41:04.051517,0.013679047906031267,1.3018497879776583,563.0,sell,-727.2401266603259,2.0,0.0,0.032472750277777775,False
trade_337,USDJPY,2025-06-01 19:39:08.269195,2025-06-01 19:41:04.442478,0.05926309025338079,1.2942660755096438,550.0,sell,-681.2516418909446,2.0,0.0,0.032270356388888886,False
trade_338,EURUSD,2025-06-01 19:39:09.463057,2025-06-01 19:41:04.709226,0.2805442006469851,1.1017995361978288,538.0,sell,-443.83537052635387,2.0,0.0,0.03201282472222222,False
trade_339,EURUSD,2025-06-01 19:39:09.463057,2025-06-01 19:41:04.977478,0.2805442006469851,1.1015611625438158,530.0,sell,-437.1389898053202,2.0,0.0,0.032087339166666666,False
trade_340,USDJPY,2025-06-01 19:39:08.269195,2025-06-01 19:41:05.201649,0.05926309025338079,1.1001130056562447,522.0,sell,-545.3236558402949,2.0,0.0,0.03248123722222222,False
trade_341,EURUSD,2025-06-01 19:39:09.463057,2025-06-01 19:41:05.421604,0.2805442006469851,1.1017592869168447,315.9859767524076,sell,-261.49245115879427,2.0,0.0,0.0322107075,False
trade_342,USDJPY,2025-06-01 19:39:08.269195,2025-06-01 19:41:05.676224,0.3692519361304129,1.2942494673896834,507.0,sell,-470.9737483484501,2.0,0.0,0.03261306361111111,False
trade_343,GBPUSD,2025-06-01 19:39:07.149616,2025-06-01 19:41:05.942295,0.013679047906031267,1.3019576541050923,498.0,sell,-643.5627458871323,2.0,0.0,0.03299796638888889,False
trade_344,USDJPY,2025-06-01 19:39:08.269195,2025-06-01 19:41:06.034661,0.3692519361304129,1.1001311434380339,487.0,sell,-357.9381739588114,2.0,0.0,0.03271262944444445,False
trade_345,USDJPY,2025-06-01 19:39:08.269195,2025-06-01 19:41:06.201076,0.3692519361304129,1.1001174639145956,480.0,sell,-352.8154533364077,2.0,0.0,0.032758855833333336,False
trade_346,GBPUSD,2025-06-01 19:39:07.149616,2025-06-01 19:41:06.945256,0.02148434944719283,1.3014122202810756,474.0,sell,-608.6858107752605,2.0,0.0,0.03327656666666667,False
trade_347,GBPUSD,2025-06-01 19:39:07.149616,2025-06-01 19:41:07.677898,0.02148434944719283,1.3016467908132743,463.0,sell,-594.7152103524958,2.0,0.0,0.03348007833333334,False
trade_348,USDJPY,2025-06-01 19:39:08.269195,2025-06-01 19:41:07.918742,0.11733688072511994,1.2935941693554938,452.0,sell,-533.668294460929,2.0,0.0,0.033235985277777776,False
trade_349,USDJPY,2025-06-01 19:39:08.269195,2025-06-01 19:41:08.084867,0.11733688072511994,1.2941557423472951,340.99991859616995,sell,-403.29513601559916,2.0,0.0,0.03328213111111111,False
trade_350,EURUSD,2025-06-01 19:39:09.463057,2025-06-01 19:41:08.883048,0.9547774959696143,1.1018734719953107,435.0,buy,61.98674957117796,2.0,0.0,0.03317221972222222,True
trade_351,GBPUSD,2025-06-01 19:39:07.149616,2025-06-01 19:41:09.001628,0.02148434944719283,1.3021409827015893,436.0,sell,-560.3662920989169,2.0,0.0,0.033847781111111114,False
trade_352,EURUSD,2025-06-01 19:39:09.463057,2025-06-01 19:41:09.301242,0.9547774959696143,1.1019590276994187,426.0,buy,60.69933251689668,2.0,0.0,0.033288384722222224,True
trade_353,USDJPY,2025-06-01 19:39:08.269195,2025-06-01 19:41:10.014078,0.3402622024000061,1.2939107746329497,427.0,sell,-409.2079403434669,2.0,0.0,0.033818023055555556,False
trade_354,USDJPY,2025-06-01 19:39:08.269195,2025-06-01 19:41:10.744398,0.3402622024000061,1.294137411524874,419.0,sell,-401.67371262331966,2.0,0.0,0.03402088972222222,False
trade_355,EURUSD,2025-06-01 19:39:09.463057,2025-06-01 19:41:11.084139,1.0704878487001739,1.1023755346139938,412.0,buy,11.137726596493824,2.0,0.0,0.033783633888888887,True
trade_356,USDJPY,2025-06-01 19:39:08.269195,2025-06-01 19:41:11.333888,0.25750599936349744,1.2938919332472205,412.0,sell,-428.9910047600939,2.0,0.0,0.034184636944444444,False
trade_357,EURUSD,2025-06-01 19:39:09.463057,2025-06-01 19:41:12.263325,1.082400467576713,1.1016987667144975,404.0,buy,5.79651285166497,2.0,0.0,0.034111185555555555,True
trade_358,USDJPY,2025-06-01 19:39:08.269195,2025-06-01 19:41:12.794262,0.07007337098362233,1.1001261307140622,405.0,sell,-419.17136769082816,2.0,0.0,0.03459029638888889,False
trade_359,GBPUSD,2025-06-01 19:39:07.149616,2025-06-01 19:41:13.242893,0.009418588085859558,1.3020668313094943,397.0,sell,-515.181352559783,2.0,0.0,0.03502591027777778,False
trade_360,USDJPY,2025-06-01 19:39:08.269195,2025-06-01 19:41:13.477370,0.07007337098362233,1.2938654796376834,388.0,sell,-476.8313381577757,2.0,0.0,0.03478004861111111,False
trade_361,GBPUSD,2025-06-01 19:39:07.149616,2025-06-01 19:41:14.050018,0.0188745786695,1.3022184995813364,379.0,sell,-488.387346025586,2.0,0.0,0.03525011166666667,False
trade_362,USDJPY,2025-06-01 19:39:08.269195,2025-06-01 19:41:14.416404,0.3959307830444847,1.2938041894914258,370.0,sell,-334.2131603853682,2.0,0.0,0.03504089138888889,False
trade_363,GBPUSD,2025-06-01 19:39:07.149616,2025-06-01 19:41:14.788485,0.008950181481440089,1.3016419469875455,364.0,sell,-472.5398026442224,2.0,0.0,0.03545524138888889,False
trade_364,USDJPY,2025-06-01 19:39:08.269195,2025-06-01 19:41:15.301192,0.1614395717115065,1.2937459642963305,355.0,sell,-403.96876936761254,2.0,0.0,0.035286665833333335,False
trade_365,EURUSD,2025-06-01 19:39:09.463057,2025-06-01 19:41:15.566181,1.0891919471793579,1.1023068967246514,348.0,buy,2.564002441762164,2.0,0.0,0.03502864555555556,True
trade_366,USDJPY,2025-06-01 19:39:08.269195,2025-06-01 19:41:16.375442,0.3004796827750161,1.293940863737502,348.0,sell,-347.7244909749451,2.0,0.0,0.03558506861111111,False
trade_367,GBPUSD,2025-06-01 19:39:07.149616,2025-06-01 19:41:16.892651,0.01705597024492747,1.3024552335021609,342.0,sell,-441.6065480339738,2.0,0.0,0.036039731944444445,False
trade_368,EURUSD,2025-06-01 19:39:09.463057,2025-06-01 19:41:17.619143,1.097010013875145,1.101668421461387,334.0,buy,-0.4440918661951989,2.0,0.0,0.035598912777777776,False
trade_369,GBPUSD,2025-06-01 19:39:07.149616,2025-06-01 19:41:18.411603,0.007773912685974635,1.3021128970924398,334.0,sell,-434.3092207917594,2.0,0.0,0.03646166305555556,False
trade_370,USDJPY,2025-06-01 19:39:08.269195,2025-06-01 19:41:18.734857,0.1914264467331146,1.2945800025356424,326.0,sell,-361.62805919162406,2.0,0.0,0.03624046166666667,False
trade_371,EURUSD,2025-06-01 19:39:09.463057,2025-06-01 19:41:19.659123,1.0980366875468979,1.0998816130446298,319.0,buy,-1.4114687662235035,2.0,0.0,0.03616557388888889,False
trade_372,GBPUSD,2025-06-01 19:39:07.149616,2025-06-01 19:41:19.950440,0.015194164600379223,1.3027934453026502,319.0,sell,-412.7441705440244,2.0,0.0,0.03688911777777778,False
trade_373,USDJPY,2025-06-01 19:39:08.269195,2025-06-01 19:41:20.164443,0.24925307294911564,1.2946262851992467,312.0,sell,-328.15644222204094,2.0,0.0,0.03663756888888889,False
trade_374,EURUSD,2025-06-01 19:39:09.463057,2025-06-01 19:41:20.406545,1.0980366875468979,1.1017842770834305,306.0,buy,-0.8532376018210099,2.0,0.0,0.03637319111111111,False
trade_375,EURUSD,2025-06-01 19:39:09.463057,2025-06-01 19:41:21.731544,1.0996455234240647,1.1026758236819676,306.0,buy,-1.0727281210817274,2.0,0.0,0.036741246388888885,False
trade_376,EURUSD,2025-06-01 19:39:09.463057,2025-06-01 19:41:22.317057,1.1001542891977911,1.1021372756241528,306.0,buy,-1.3932061535333404,2.0,0.0,0.036903888888888896,False
trade_377,USDJPY,2025-06-01 19:39:08.269195,2025-06-01 19:41:22.545644,0.13834136397545094,1.2945133884911504,306.0,sell,-355.788639501804,2.0,0.0,0.03729901361111111,False
trade_378,GBPUSD,2025-06-01 19:39:07.149616,2025-06-01 19:41:22.757723,0.015194164600379223,1.302883716960716,299.0,sell,-387.01917615574064,2.0,0.0,0.03766891861111111,False
trade_379,EURUSD,2025-06-01 19:39:09.463057,2025-06-01 19:41:22.890625,1.1001542891977911,1.1013962844050467,292.0,buy,-1.6373373994813818,2.0,0.0,0.03706321333333334,False
trade_380,USDJPY,2025-06-01 19:39:08.269195,2025-06-01 19:41:22.983287,0.13834136397545094,1.2952481547764687,154.5249944363037,sell,-180.77101541184925,2.0,0.0,0.03742058111111111,False
trade_381,GBPUSD,2025-06-01 19:39:07.149616,2025-06-01 19:41:23.259309,0.015194164600379223,1.3029460278598077,289.0,sell,-374.1602884819748,2.0,0.0,0.037808248055555556,False
trade_382,EURUSD,2025-06-01 19:39:09.463057,2025-06-01 19:41:23.741401,1.1001542891977911,1.1016559080409853,282.0,buy,-1.5765434862192302,2.0,0.0,0.03729954,False
trade_383,GBPUSD,2025-06-01 19:39:07.149616,2025-06-01 19:41:23.972808,0.005969833836909426,1.302870302514244,282.0,sell,-367.72593216700835,2.0,0.0,0.03800644222222222,False
trade_384,EURUSD,2025-06-01 19:39:09.463057,2025-06-01 19:41:24.541052,1.1008086019267738,1.101357205333136,275.0,buy,-1.8491340632503943,2.0,0.0,0.037521665277777776,False
trade_385,EURUSD,2025-06-01 19:39:09.463057,2025-06-01 19:41:24.658794,1.1008086019267738,1.1017583144549998,275.0,buy,-1.738829054737832,2.0,0.0,0.03755437138888889,False
trade_386,USDJPY,2025-06-01 19:39:08.269195,2025-06-01 19:41:24.778021,0.1320442072720913,1.2962279296744732,275.0,sell,-322.15052366065504,2.0,0.0,0.037919118333333335,False
trade_387,GBPUSD,2025-06-01 19:39:07.149616,2025-06-01 19:41:25.149847,0.0003521682237316242,1.3037772874880613,269.0,sell,-352.62135708210474,2.0,0.0,0.038333397500000005,False
trade_388,USDJPY,2025-06-01 19:39:08.269195,2025-06-01 19:41:25.485078,0.08535992632740735,1.295892822373791,263.0,sell,-320.3701516601989,2.0,0.0,0.03811552305555555,False
trade_389,USDJPY,2025-06-01 19:39:08.269195,2025-06-01 19:41:25.593749,0.08535992632740735,1.2957561937265307,257.0,sell,-313.0718407215747,2.0,0.0,0.038145709444444446,False
trade_390,GBPUSD,2025-06-01 19:39:07.149616,2025-06-01 19:41:25.656224,0.0003521682237316242,1.3034171899658347,252.0,sell,-330.37238547901,2.0,0.0,0.03847405777777778,False
trade_391,USDJPY,2025-06-01 19:39:08.269195,2025-06-01 19:41:26.052630,0.08535992632740735,1.2954501427289515,246.0,sell,-299.68219323477985,2.0,0.0,0.038273176388888885,False
trade_392,GBPUSD,2025-06-01 19:39:07.149616,2025-06-01 19:41:26.193027,0.017995477437256456,1.3045057139692433,240.0,sell,-310.76245676767684,2.0,0.0,0.03862316972222222,False
trade_393,GBPUSD,2025-06-01 19:39:07.149616,2025-06-01 19:41:26.360374,0.017995477437256456,1.3037132926770572,234.0,sell,-302.8579687661134,2.0,0.0,0.038669655,False
trade_394,USDJPY,2025-06-01 19:39:08.269195,2025-06-01 19:41:26.488545,0.1848163328126988,1.295800828029808,229.0,sell,-256.41544940471795,2.0,0.0,0.038394263888888884,False
trade_395,USDJPY,2025-06-01 19:39:08.269195,2025-06-01 19:41:26.745162,0.1848163328126988,1.2956507361197922,224.0,sell,-250.82690634078892,2.0,0.0,0.03846554638888889,False
trade_396,EURUSD,2025-06-01 19:39:09.463057,2025-06-01 19:41:26.858504,1.1011404615871343,1.1001270795696676,220.0,buy,-2.2229440438426744,2.0,0.0,0.03816540194444444,False
trade_397,EURUSD,2025-06-01 19:39:09.463057,2025-06-01 19:41:27.239660,1.101057770908925,1.100810222309561,220.0,buy,-2.05446069186009,2.0,0.0,0.03827127861111111,False
trade_398,USDJPY,2025-06-01 19:39:08.269195,2025-06-01 19:41:27.636215,0.11608765578738293,1.294324144475129,220.0,sell,-261.21202751130414,2.0,0.0,0.03871306111111111,False
trade_399,GBPUSD,2025-06-01 19:39:07.149616,2025-06-01 19:41:27.767885,-0.0007921521386972714,1.3041997544881723,215.0,sell,-282.57325992477695,2.0,0.0,0.03906063027777778,False
trade_400,GBPUSD,2025-06-01 19:39:07.149616,2025-06-01 19:41:27.892221,-0.0007921521386972714,1.3037901536056355,210.0,sell,-275.9622842063099,2.0,0.0,0.03909516805555555,False
trade_401,USDJPY,2025-06-01 19:39:08.269195,2025-06-01 19:41:28.010870,0.11608765578738293,1.2947839593259518,205.0,sell,-243.63274222540662,2.0,0.0,0.038817131944444444,False
trade_402,USDJPY,2025-06-01 19:39:08.269195,2025-06-01 19:41:28.514669,0.10942828779256182,1.2956580157890598,200.0,sell,-239.2459455992996,2.0,0.0,0.038957076111111114,False
trade_403,EURUSD,2025-06-01 19:39:09.463057,2025-06-01 19:41:28.745918,1.1011032258402316,1.1013187557370128,196.0,buy,-1.9577561402308854,2.0,0.0,0.03868968361111111,False
trade_404,GBPUSD,2025-06-01 19:39:07.149616,2025-06-01 19:41:28.889990,0.015726796127211857,1.303776328045266,196.0,sell,-254.45770825593863,2.0,0.0,0.03937232611111111,False
trade_405,EURUSD,2025-06-01 19:39:09.463057,2025-06-01 19:41:29.457581,1.1011032258402316,1.101162866304258,191.0,buy,-1.9886086713709363,2.0,0.0,0.03888736777777778,False
trade_406,EURUSD,2025-06-01 19:39:09.463057,2025-06-01 19:41:29.660934,1.1011032258402316,1.1012542775731298,191.0,buy,-1.9711491190164439,2.0,0.0,0.038943854722222226,False
trade_407,USDJPY,2025-06-01 19:39:08.269195,2025-06-01 19:41:29.757536,0.07083846348559018,1.2959641253076828,154.42925963183737,sell,-191.19524891115054,2.0,0.0,0.03930231694444444,False
trade_408,USDJPY,2025-06-01 19:39:08.269195,2025-06-01 19:41:29.981279,0.07083846348559018,1.2955920913196444,188.0,sell,-232.2536820328022,2.0,0.0,0.03936446777777778,False
trade_409,USDJPY,2025-06-01 19:39:08.269195,2025-06-01 19:41:30.063885,0.07083846348559018,1.2958431974059594,150.03968899052782,sell,-185.7993292893365,2.0,0.0,0.03938741388888889,False
trade_410,USDJPY,2025-06-01 19:39:08.269195,2025-06-01 19:41:30.433488,0.07083846348559018,1.295789945898073,180.0,sell,-222.49126683424694,2.0,0.0,0.03949008138888888,False
trade_411,GBPUSD,2025-06-01 19:39:07.149616,2025-06-01 19:41:30.749341,-0.0021087214308268187,1.3035089107003133,176.0,sell,-231.78870325508066,2.0,0.0,0.0398888125,False
trade_412,USDJPY,2025-06-01 19:39:08.269195,2025-06-01 19:41:30.932268,0.33835677758406696,1.2955633025181845,172.0,sell,-166.63952228866822,2.0,0.0,0.03962863138888889,False
trade_413,EURUSD,2025-06-01 19:39:09.463057,2025-06-01 19:41:31.142646,1.1011032258402316,1.1012416776208371,169.0,buy,-1.9766016490776597,2.0,0.0,0.039355441388888884,False
trade_414,EURUSD,2025-06-01 19:39:09.463057,2025-06-01 19:41:31.648919,1.1011032258402316,1.1007147120645957,96.59304768348098,buy,-2.0375277296556846,2.0,0.0,0.03949607277777777,False
trade_415,USDJPY,2025-06-01 19:39:08.269195,2025-06-01 19:41:31.956568,0.1428340305064869,1.100111846698723,169.0,sell,-163.7799509364879,2.0,0.0,0.03991315916666667,False
trade_416,USDJPY,2025-06-01 19:39:08.269195,2025-06-01 19:41:32.155328,0.1428340305064869,1.1001033372460491,166.0,sell,-160.90670491876733,2.0,0.0,0.039968370277777776,False
trade_417,EURUSD,2025-06-01 19:39:09.463057,2025-06-01 19:41:32.789193,1.1011032258402316,1.1008870992285529,163.0,buy,-2.035228637703627,2.0,0.0,0.039812815555555554,False
trade_418,GBPUSD,2025-06-01 19:39:07.149616,2025-06-01 19:41:32.948156,-0.0020712366077745635,1.3033718158021832,163.0,sell,-214.78721754282313,2.0,0.0,0.040499594444444446,False
trade_419,EURUSD,2025-06-01 19:39:09.463057,2025-06-01 19:41:33.400259,1.1009608136394828,1.1003043046891217,159.0,buy,-2.1043849231074274,2.0,0.0,0.039982556111111116,False
trade_420,USDJPY,2025-06-01 19:39:08.269195,2025-06-01 19:41:33.698460,0.2603006985135945,1.2953674434178033,159.0,sell,-166.5756124397692,2.0,0.0,0.04039701805555555,False
trade_421,GBPUSD,2025-06-01 19:39:07.149616,2025-06-01 19:41:34.031395,-0.0020712366077745635,1.3037435652229785,156.0,sell,-205.7071090855975,2.0,0.0,0.040800494166666666,False
trade_422,USDJPY,2025-06-01 19:39:08.269195,2025-06-01 19:41:34.664819,0.2603006985135945,1.2950488025943205,152.0,sell,-159.28171182027035,2.0,0.0,0.04066545111111111,False
trade_423,EURUSD,2025-06-01 19:39:09.463057,2025-06-01 19:41:34.896933,1.1010181146356603,1.1003816561084963,149.0,buy,-2.09483232054745,2.0,0.0,0.040398298888888885,False
trade_424,EURUSD,2025-06-01 19:39:09.463057,2025-06-01 19:41:35.082038,1.1010181146356603,1.100578318528476,149.0,buy,-2.065529619970454,2.0,0.0,0.04044971694444444,False
trade_425,GBPUSD,2025-06-01 19:39:07.149616,2025-06-01 19:41:35.324319,0.01343153698685169,1.304022624678771,149.0,sell,-194.29807206609598,2.0,0.0,0.04115963972222222,False
trade_426,USDJPY,2025-06-01 19:39:08.269195,2025-06-01 19:41:36.061902,0.2603006985135945,1.2945317277917687,146.0,sell,-152.99773027461345,2.0,0.0,0.041053529722222225,False
trade_427,USDJPY,2025-06-01 19:39:08.269195,2025-06-01 19:41:36.314327,0.2603006985135945,1.2945247673074503,53.64796296788998,sell,-57.48401454315327,2.0,0.0,0.04112364777777778,False
trade_428,GBPUSD,2025-06-01 19:39:07.149616,2025-06-01 19:41:36.646999,-0.0023869491865608165,1.303923635434521,142.0,sell,-187.49610301619362,2.0,0.0,0.041527050833333336,False
trade_429,USDJPY,2025-06-01 19:39:08.269195,2025-06-01 19:41:36.946098,0.2603006985135945,1.2946610217743804,71.0019140451893,sell,-75.44156276391654,2.0,0.0,0.041299139722222225,False
trade_430,EURUSD,2025-06-01 19:39:09.463057,2025-06-01 19:41:37.500868,1.1010496496834572,1.1013685777086446,137.0,buy,-1.9563068605493257,2.0,0.0,0.04112161416666667,False
trade_431,GBPUSD,2025-06-01 19:39:07.149616,2025-06-01 19:41:37.962858,-0.0023869491865608165,1.303773986192236,137.0,sell,-180.94404814689517,2.0,0.0,0.041892567222222225,False
trade_432,EURUSD,2025-06-01 19:39:09.463057,2025-06-01 19:41:38.365903,1.1008319662230235,1.1013887932122635,134.0,buy,-1.925385183441843,2.0,0.0,0.04136190166666667,False
trade_433,EURUSD,2025-06-01 19:39:09.463057,2025-06-01 19:41:39.747483,1.1009610092603568,1.1013351703989378,134.0,buy,-1.9498624074301434,2.0,0.0,0.04174567388888889,False
trade_434,EURUSD,2025-06-01 19:39:09.463057,2025-06-01 19:41:39.960724,1.1009610092603568,1.101031488626576,134.0,buy,-1.9905557649266301,2.0,0.0,0.0418049075,False
trade_435,EURUSD,2025-06-01 19:39:09.463057,2025-06-01 19:41:40.398398,1.1010048545213043,1.1015287905130193,134.0,buy,-1.92979257711018,2.0,0.0,0.04192648361111111,False
trade_436,GBPUSD,2025-06-01 19:39:07.149616,2025-06-01 19:41:40.629195,0.014648670462067009,1.303097393567922,134.0,sell,-174.65212889618456,2.0,0.0,0.04263321638888889,False
trade_437,USDJPY,2025-06-01 19:39:08.269195,2025-06-01 19:41:41.280781,1.091318140717354,1.2937052669597475,130.0,buy,24.31032641151116,2.0,0.0,0.04250321833333333,True
trade_438,USDJPY,2025-06-01 19:39:08.269195,2025-06-01 19:41:41.413302,1.091318140717354,1.2941181788314817,131.0,buy,24.566804992950733,2.0,0.0,0.04254002972222222,True
trade_439,GBPUSD,2025-06-01 19:39:07.149616,2025-06-01 19:41:42.079112,-0.004719276593181752,1.3025464079967666,131.0,sell,-173.25180468128323,2.0,0.0,0.04303597111111111,False
trade_440,EURUSD,2025-06-01 19:39:09.463057,2025-06-01 19:41:42.296106,1.1013976950235322,1.102245978901865,128.0,buy,-1.8914196635734015,2.0,0.0,0.04245362472222222,False
trade_441,EURUSD,2025-06-01 19:39:09.463057,2025-06-01 19:41:42.747390,1.1013976950235322,1.1025385315997112,128.0,buy,-1.8539729182490987,2.0,0.0,0.04257898138888889,False
trade_442,USDJPY,2025-06-01 19:39:08.269195,2025-06-01 19:41:43.271475,1.2166171813820608,1.2943671101577303,128.0,buy,7.951990883285703,2.0,0.0,0.043056188888888895,True
trade_443,USDJPY,2025-06-01 19:39:08.269195,2025-06-01 19:41:43.896705,1.2166171813820608,1.2939061864963697,79.99808595481068,buy,4.182972474496287,2.0,0.0,0.043229863888888886,True
trade_444,USDJPY,2025-06-01 19:39:08.269195,2025-06-01 19:41:47.879290,1.2166171813820608,1.2936443879724655,48.001914045189324,sell,-5.6974533498936495,2.0,0.0,0.0443361375,False
trade_445,EURUSD,2025-06-01 19:39:09.463057,2025-06-01 19:41:48.031534,1.1018087144060738,1.101382364118394,128.0,buy,-2.054572836823013,2.0,0.0,0.044046799166666664,False
trade_446,EURUSD,2025-06-01 19:39:09.463057,2025-06-01 19:41:48.149600,1.1018087144060738,1.101612420681112,128.0,buy,-2.0251255967951067,2.0,0.0,0.04407959527777778,False
trade_447,USDJPY,2025-06-01 19:39:08.269195,2025-06-01 19:41:48.287362,1.2936443879724655,1.2935236139130775,79.99808595481068,buy,-2.009661693584036,2.0,0.0,0.044449490833333334,False
trade_448,GBPUSD,2025-06-01 19:39:07.149616,2025-06-01 19:41:48.688076,0.013871462734839482,1.3024695888917408,128.0,sell,-166.94056014808336,2.0,0.0,0.04487179444444444,False
trade_449,GBPUSD,2025-06-01 19:39:07.149616,2025-06-01 19:41:48.820388,0.013871462734839482,1.30220883071069,125.0,sell,-163.04217099698133,2.0,0.0,0.04490854777777778,False
trade_450,USDJPY,2025-06-01 19:39:08.269195,2025-06-01 19:41:49.063780,0.20433828316511204,1.2932571777772244,122.0,sell,-134.84810514267772,2.0,0.0,0.0446651625,False
trade_451,EURUSD,2025-06-01 19:39:09.463057,2025-06-01 19:41:49.603679,1.1019418956848719,1.101710299344589,120.0,buy,-2.0277915608339363,2.0,0.0,0.04448350611111111,False
trade_452,EURUSD,2025-06-01 19:39:09.463057,2025-06-01 19:41:49.949650,1.102264154464003,1.1025063311301133,120.0,buy,-1.9709388000667687,2.0,0.0,0.044579609166666666,False
trade_453,USDJPY,2025-06-01 19:39:08.269195,2025-06-01 19:41:50.076301,0.390753369070056,1.2939659153779863,119.0,sell,-109.48229301064372,2.0,0.0,0.044946418333333335,False
trade_454,USDJPY,2025-06-01 19:39:08.269195,2025-06-01 19:41:50.365593,0.26647393259397656,1.2940338651256313,117.0,sell,-122.22451210620359,2.0,0.0,0.045026777222222224,False
trade_455,EURUSD,2025-06-01 19:39:09.463057,2025-06-01 19:41:50.782119,1.102264154464003,1.1028449610895923,115.0,buy,-1.9332072380572378,2.0,0.0,0.04481085055555556,False
trade_456,GBPUSD,2025-06-01 19:39:07.149616,2025-06-01 19:41:51.429259,-0.006452705922271229,1.303177210981665,115.0,sell,-152.60744044395267,2.0,0.0,0.04563323416666666,False
trade_457,GBPUSD,2025-06-01 19:39:07.149616,2025-06-01 19:41:51.630034,0.01428155250461699,1.3034596656152997,112.0,sell,-146.38794866839646,2.0,0.0,0.045689005,False
trade_458,EURUSD,2025-06-01 19:39:09.463057,2025-06-01 19:41:51.761273,1.1024670367778824,1.1031240141529235,110.0,buy,-1.9277324887454776,2.0,0.0,0.04508283777777777,False
trade_459,EURUSD,2025-06-01 19:39:09.463057,2025-06-01 19:41:51.911574,1.1024670367778824,1.103137694971885,110.0,buy,-1.926227598659716,2.0,0.0,0.04512458805555556,False
trade_460,USDJPY,2025-06-01 19:39:08.269195,2025-06-01 19:41:52.099835,0.33560148285943564,1.2936886267833874,110.0,sell,-107.38958583163469,2.0,0.0,0.04550851111111111,False
trade_461,EURUSD,2025-06-01 19:39:09.463057,2025-06-01 19:41:52.218556,1.1027947349459188,1.1027057889524294,108.0,buy,-2.009606167296856,2.0,0.0,0.04520986083333333,False
trade_462,GBPUSD,2025-06-01 19:39:07.149616,2025-06-01 19:41:52.365151,-0.006469234132877076,1.3042587193854578,87.08986082468309,sell,-116.15111505093347,2.0,0.0,0.045893204166666667,False
trade_463,USDJPY,2025-06-01 19:39:08.269195,2025-06-01 19:41:52.516376,0.33560148285943564,1.2932191223633096,106.0,sell,-103.50746978741064,2.0,0.0,0.04562421694444445,False
trade_464,GBPUSD,2025-06-01 19:39:07.149616,2025-06-01 19:41:53.246205,0.013735177462619054,1.3044859887019726,104.0,sell,-136.23808436889277,2.0,0.0,0.04613794138888889,False
trade_465,GBPUSD,2025-06-01 19:39:07.149616,2025-06-01 19:41:53.861859,-0.006567236433113166,1.3043498996385303,101.0,sell,-134.402630743236,2.0,0.0,0.04630895638888889,False
trade_466,USDJPY,2025-06-01 19:39:08.269195,2025-06-01 19:41:54.004048,0.5752082988203744,1.2936750680760019,99.0,sell,-73.12821015630712,2.0,0.0,0.04603745916666666,False
trade_467,USDJPY,2025-06-01 19:39:08.269195,2025-06-01 19:41:55.519372,0.17816391438919216,1.2935212890870915,97.0,sell,-110.18966534569623,2.0,0.0,0.0464583825,False
trade_468,EURUSD,2025-06-01 19:39:09.463057,2025-06-01 19:41:56.160693,1.1027900922231098,1.1030187657131911,95.0,buy,-1.9782760184422692,2.0,0.0,0.04630489888888888,False
trade_469,USDJPY,2025-06-01 19:39:08.269195,2025-06-01 19:41:56.278405,0.3228638427527066,1.293414611113804,95.0,sell,-94.20232299430425,2.0,0.0,0.046669225,False
trade_470,GBPUSD,2025-06-01 19:39:07.149616,2025-06-01 19:41:56.719517,0.013347702093459268,1.304575698507738,60.767538707672045,sell,-80.4647472525345,2.0,0.0,0.04710275027777777,False
trade_471,GBPUSD,2025-06-01 19:39:07.149616,2025-06-01 19:41:57.652403,0.013347702093459268,1.3043746084327936,92.0,sell,-120.77447538321876,2.0,0.0,0.04736188527777778,False
trade_472,EURUSD,2025-06-01 19:39:09.463057,2025-06-01 19:41:58.020598,1.1027900922231098,1.1036991888413363,90.0,buy,-1.9181813043596079,2.0,0.0,0.04682153916666666,False
trade_473,EURUSD,2025-06-01 19:39:09.463057,2025-06-01 19:41:58.203043,1.103309876758732,1.1039197478287337,90.0,buy,-1.945111603699841,2.0,0.0,0.046872218333333326,False
trade_474,USDJPY,2025-06-01 19:39:08.269195,2025-06-01 19:41:59.006189,0.20798599142129115,1.293480296157741,90.0,sell,-99.69448742628049,2.0,0.0,0.04742694277777778,False
trade_475,EURUSD,2025-06-01 19:39:09.463057,2025-06-01 19:41:59.189206,1.1034781095252861,1.1034784896305418,88.0,buy,-1.999966550737497,2.0,0.0,0.047146152499999996,False
trade_476,GBPUSD,2025-06-01 19:39:07.149616,2025-06-01 19:41:59.971413,0.013077737405945306,1.3037316950365667,88.0,sell,-115.57754827149469,2.0,0.0,0.048006054722222226,False
trade_477,GBPUSD,2025-06-01 19:39:07.149616,2025-06-01 19:42:00.202582,0.013077737405945306,1.3038036930933559,86.0,sell,-113.00243218911731,2.0,0.0,0.04807026833333333,False
trade_478,EURUSD,2025-06-01 19:39:09.463057,2025-06-01 19:42:00.430842,1.1034726019170638,1.1026676654244432,84.0,buy,-2.0676146653801295,2.0,0.0,0.047491051388888886,False
trade_479,GBPUSD,2025-06-01 19:39:07.149616,2025-06-01 19:42:01.060137,0.013077737405945306,1.304208073185151,84.0,sell,-110.45494820545329,2.0,0.0,0.048308478055555555,False
trade_480,EURUSD,2025-06-01 19:39:09.463057,2025-06-01 19:42:01.565299,1.1030925251561292,1.1027364984919523,82.0,buy,-2.029194186462505,2.0,0.0,0.04780617833333333,False
trade_481,USDJPY,2025-06-01 19:39:08.269195,2025-06-01 19:42:01.946193,0.2550758270295709,1.2945493441026923,82.0,sell,-87.23682839999594,2.0,0.0,0.04824361055555555,False
trade_482,USDJPY,2025-06-01 19:39:08.269195,2025-06-01 19:42:02.372337,0.2550758270295709,1.2939372449317201,80.0,sell,-85.10891343217193,2.0,0.0,0.04836198388888888,False
trade_483,USDJPY,2025-06-01 19:39:08.269195,2025-06-01 19:42:02.512800,0.2550758270295709,1.2947010370595597,79.0,sell,-84.13039159236914,2.0,0.0,0.04840100138888889,False
trade_484,EURUSD,2025-06-01 19:39:09.463057,2025-06-01 19:42:02.904274,1.1029971850606015,1.1028724190789063,77.0,buy,-2.0096069805905303,2.0,0.0,0.04817811583333333,False
trade_485,EURUSD,2025-06-01 19:39:09.463057,2025-06-01 19:42:03.313023,1.1029971850606015,1.1033560273402154,77.0,buy,-1.9723691444697287,2.0,0.0,0.04829165722222222,False
trade_486,EURUSD,2025-06-01 19:39:09.463057,2025-06-01 19:42:03.794532,1.1030971586548437,1.102938522693162,77.0,buy,-2.012214969049486,2.0,0.0,0.04842540972222222,False
trade_487,GBPUSD,2025-06-01 19:39:07.149616,2025-06-01 19:42:04.464158,-0.007566755291924516,1.304718456733671,77.0,sell,-103.04596132597085,2.0,0.0,0.04925403944444444,False
trade_488,GBPUSD,2025-06-01 19:39:07.149616,2025-06-01 19:42:04.819748,0.012853835782506498,1.3046694457486014,75.0,sell,-98.88617074745711,2.0,0.0,0.04935281444444444,False
trade_489,EURUSD,2025-06-01 19:39:09.463057,2025-06-01 19:42:05.019199,1.103058218504192,1.1030991063913325,73.0,buy,-1.9970151842387422,2.0,0.0,0.048765594999999995,False
trade_490,GBPUSD,2025-06-01 19:39:07.149616,2025-06-01 19:42:05.976210,-0.00762731656027329,1.3048678346117297,73.0,sell,-97.81214603555622,2.0,0.0,0.04967405388888889,False
trade_491,USDJPY,2025-06-01 19:39:08.269195,2025-06-01 19:42:06.679156,0.23202353363377154,1.2951350718276913,72.0,sell,-78.54403074996222,2.0,0.0,0.0495583225,False
